names,image_paths,notation_paths,classes
NoLabel-12_20190905_035310.bmp,NoLabel\NoLabel-12_20190905_035310.bmp,,[1 0]
NoLabel-12_20190905_035416.bmp,NoLabel\NoLabel-12_20190905_035416.bmp,,[1 0]
NoLabel-12_20190905_035708.bmp,NoLabel\NoLabel-12_20190905_035708.bmp,,[1 0]
NoLabel-12_20190905_035847.bmp,NoLabel\NoLabel-12_20190905_035847.bmp,,[1 0]
NoLabel-12_20190905_035854.bmp,NoLabel\NoLabel-12_20190905_035854.bmp,,[1 0]
NoLabel-12_20190905_035923.bmp,NoLabel\NoLabel-12_20190905_035923.bmp,,[1 0]
NoLabel-12_20190905_040413.bmp,NoLabel\NoLabel-12_20190905_040413.bmp,,[1 0]
NoLabel-12_20190905_040428.bmp,NoLabel\NoLabel-12_20190905_040428.bmp,,[1 0]
NoLabel-12_20190905_040458.bmp,NoLabel\NoLabel-12_20190905_040458.bmp,,[1 0]
NoLabel-12_20190905_040628.bmp,NoLabel\NoLabel-12_20190905_040628.bmp,,[1 0]
NoLabel-12_20190905_040643.bmp,NoLabel\NoLabel-12_20190905_040643.bmp,,[1 0]
NoLabel-12_20190905_040722.bmp,NoLabel\NoLabel-12_20190905_040722.bmp,,[1 0]
NoLabel-12_20190905_040735.bmp,NoLabel\NoLabel-12_20190905_040735.bmp,,[1 0]
NoLabel-12_20190905_040750.bmp,NoLabel\NoLabel-12_20190905_040750.bmp,,[1 0]
NoLabel-12_20190905_040821.bmp,NoLabel\NoLabel-12_20190905_040821.bmp,,[1 0]
NoLabel-12_20190905_040829.bmp,NoLabel\NoLabel-12_20190905_040829.bmp,,[1 0]
NoLabel-12_20190905_040841.bmp,NoLabel\NoLabel-12_20190905_040841.bmp,,[1 0]
NoLabel-12_20190905_040855.bmp,NoLabel\NoLabel-12_20190905_040855.bmp,,[1 0]
NoLabel-12_20190905_040915.bmp,NoLabel\NoLabel-12_20190905_040915.bmp,,[1 0]
NoLabel-12_20190905_040957.bmp,NoLabel\NoLabel-12_20190905_040957.bmp,,[1 0]
NoLabel-12_20190905_041010.bmp,NoLabel\NoLabel-12_20190905_041010.bmp,,[1 0]
NoLabel-12_20190905_041025.bmp,NoLabel\NoLabel-12_20190905_041025.bmp,,[1 0]
NoLabel-12_20190905_041055.bmp,NoLabel\NoLabel-12_20190905_041055.bmp,,[1 0]
NoLabel-12_20190905_041110.bmp,NoLabel\NoLabel-12_20190905_041110.bmp,,[1 0]
NoLabel-12_20190905_041222.bmp,NoLabel\NoLabel-12_20190905_041222.bmp,,[1 0]
NoLabel-12_20190905_041233.bmp,NoLabel\NoLabel-12_20190905_041233.bmp,,[1 0]
NoLabel-12_20190905_041303.bmp,NoLabel\NoLabel-12_20190905_041303.bmp,,[1 0]
NoLabel-12_20190905_041409.bmp,NoLabel\NoLabel-12_20190905_041409.bmp,,[1 0]
NoLabel-12_20190905_041421.bmp,NoLabel\NoLabel-12_20190905_041421.bmp,,[1 0]
NoLabel-12_20190905_041428.bmp,NoLabel\NoLabel-12_20190905_041428.bmp,,[1 0]
NoLabel-12_20190905_041451.bmp,NoLabel\NoLabel-12_20190905_041451.bmp,,[1 0]
NoLabel-12_20190905_041518.bmp,NoLabel\NoLabel-12_20190905_041518.bmp,,[1 0]
NoLabel-12_20190905_041526.bmp,NoLabel\NoLabel-12_20190905_041526.bmp,,[1 0]
NoLabel-12_20190905_041716.bmp,NoLabel\NoLabel-12_20190905_041716.bmp,,[1 0]
NoLabel-12_20190905_041743.bmp,NoLabel\NoLabel-12_20190905_041743.bmp,,[1 0]
NoLabel-12_20190905_041802.bmp,NoLabel\NoLabel-12_20190905_041802.bmp,,[1 0]
NoLabel-12_20190905_041817.bmp,NoLabel\NoLabel-12_20190905_041817.bmp,,[1 0]
NoLabel-12_20190905_041822.bmp,NoLabel\NoLabel-12_20190905_041822.bmp,,[1 0]
NoLabel-12_20190905_041847.bmp,NoLabel\NoLabel-12_20190905_041847.bmp,,[1 0]
NoLabel-12_20190905_041858.bmp,NoLabel\NoLabel-12_20190905_041858.bmp,,[1 0]
NoLabel-12_20190905_041910.bmp,NoLabel\NoLabel-12_20190905_041910.bmp,,[1 0]
NoLabel-12_20190905_041922.bmp,NoLabel\NoLabel-12_20190905_041922.bmp,,[1 0]
NoLabel-12_20190905_041930.bmp,NoLabel\NoLabel-12_20190905_041930.bmp,,[1 0]
NoLabel-12_20190905_041944.bmp,NoLabel\NoLabel-12_20190905_041944.bmp,,[1 0]
NoLabel-12_20190905_041955.bmp,NoLabel\NoLabel-12_20190905_041955.bmp,,[1 0]
NoLabel-12_20190905_042108.bmp,NoLabel\NoLabel-12_20190905_042108.bmp,,[1 0]
NoLabel-12_20190905_042121.bmp,NoLabel\NoLabel-12_20190905_042121.bmp,,[1 0]
NoLabel-12_20190905_042132.bmp,NoLabel\NoLabel-12_20190905_042132.bmp,,[1 0]
NoLabel-12_20190905_042138.bmp,NoLabel\NoLabel-12_20190905_042138.bmp,,[1 0]
NoLabel-12_20190905_042200.bmp,NoLabel\NoLabel-12_20190905_042200.bmp,,[1 0]
NoLabel-12_20190905_042207.bmp,NoLabel\NoLabel-12_20190905_042207.bmp,,[1 0]
NoLabel-12_20190905_042221.bmp,NoLabel\NoLabel-12_20190905_042221.bmp,,[1 0]
NoLabel-12_20190905_042241.bmp,NoLabel\NoLabel-12_20190905_042241.bmp,,[1 0]
NoLabel-12_20190905_042252.bmp,NoLabel\NoLabel-12_20190905_042252.bmp,,[1 0]
NoLabel-12_20190905_042330.bmp,NoLabel\NoLabel-12_20190905_042330.bmp,,[1 0]
NoLabel-12_20190905_042339.bmp,NoLabel\NoLabel-12_20190905_042339.bmp,,[1 0]
NoLabel-12_20190905_042358.bmp,NoLabel\NoLabel-12_20190905_042358.bmp,,[1 0]
NoLabel-12_20190905_042414.bmp,NoLabel\NoLabel-12_20190905_042414.bmp,,[1 0]
NoLabel-12_20190905_042423.bmp,NoLabel\NoLabel-12_20190905_042423.bmp,,[1 0]
NoLabel-12_20190905_042433.bmp,NoLabel\NoLabel-12_20190905_042433.bmp,,[1 0]
NoLabel-12_20190905_042439.bmp,NoLabel\NoLabel-12_20190905_042439.bmp,,[1 0]
NoLabel-12_20190906_015224.bmp,NoLabel\NoLabel-12_20190906_015224.bmp,,[1 0]
NoLabel-12_20190906_015230.bmp,NoLabel\NoLabel-12_20190906_015230.bmp,,[1 0]
NoLabel-12_20190906_015238.bmp,NoLabel\NoLabel-12_20190906_015238.bmp,,[1 0]
NoLabel-12_20190906_015241.bmp,NoLabel\NoLabel-12_20190906_015241.bmp,,[1 0]
NoLabel-12_20190906_015251.bmp,NoLabel\NoLabel-12_20190906_015251.bmp,,[1 0]
NoLabel-12_20190906_015314.bmp,NoLabel\NoLabel-12_20190906_015314.bmp,,[1 0]
NoLabel-12_20190906_015322.bmp,NoLabel\NoLabel-12_20190906_015322.bmp,,[1 0]
NoLabel-12_20190906_015329.bmp,NoLabel\NoLabel-12_20190906_015329.bmp,,[1 0]
NoLabel-12_20190906_015339.bmp,NoLabel\NoLabel-12_20190906_015339.bmp,,[1 0]
NoLabel-12_20190906_015400.bmp,NoLabel\NoLabel-12_20190906_015400.bmp,,[1 0]
NoLabel-12_20190906_015413.bmp,NoLabel\NoLabel-12_20190906_015413.bmp,,[1 0]
NoLabel-12_20190906_015455.bmp,NoLabel\NoLabel-12_20190906_015455.bmp,,[1 0]
NoLabel-12_20190906_015509.bmp,NoLabel\NoLabel-12_20190906_015509.bmp,,[1 0]
NoLabel-12_20190906_015515.bmp,NoLabel\NoLabel-12_20190906_015515.bmp,,[1 0]
NoLabel-12_20190906_015521.bmp,NoLabel\NoLabel-12_20190906_015521.bmp,,[1 0]
NoLabel-12_20190906_015623.bmp,NoLabel\NoLabel-12_20190906_015623.bmp,,[1 0]
NoLabel-12_20190906_015628.bmp,NoLabel\NoLabel-12_20190906_015628.bmp,,[1 0]
NoLabel-12_20190906_015635.bmp,NoLabel\NoLabel-12_20190906_015635.bmp,,[1 0]
NoLabel-12_20190906_015656.bmp,NoLabel\NoLabel-12_20190906_015656.bmp,,[1 0]
NoLabel-12_20190906_015700.bmp,NoLabel\NoLabel-12_20190906_015700.bmp,,[1 0]
NoLabel-12_20190906_015708.bmp,NoLabel\NoLabel-12_20190906_015708.bmp,,[1 0]
NoLabel-12_20190906_015712.bmp,NoLabel\NoLabel-12_20190906_015712.bmp,,[1 0]
NoLabel-12_20190906_015720.bmp,NoLabel\NoLabel-12_20190906_015720.bmp,,[1 0]
NoLabel-12_20190906_015724.bmp,NoLabel\NoLabel-12_20190906_015724.bmp,,[1 0]
NoLabel-12_20190906_015733.bmp,NoLabel\NoLabel-12_20190906_015733.bmp,,[1 0]
NoLabel-12_20190906_015746.bmp,NoLabel\NoLabel-12_20190906_015746.bmp,,[1 0]
NoLabel-12_20190906_015857.bmp,NoLabel\NoLabel-12_20190906_015857.bmp,,[1 0]
NoLabel-12_20190906_015920.bmp,NoLabel\NoLabel-12_20190906_015920.bmp,,[1 0]
NoLabel-12_20190906_015924.bmp,NoLabel\NoLabel-12_20190906_015924.bmp,,[1 0]
NoLabel-12_20190906_015943.bmp,NoLabel\NoLabel-12_20190906_015943.bmp,,[1 0]
NoLabel-12_20190906_015959.bmp,NoLabel\NoLabel-12_20190906_015959.bmp,,[1 0]
NoLabel-12_20190906_020005.bmp,NoLabel\NoLabel-12_20190906_020005.bmp,,[1 0]
NoLabel-12_20190906_020009.bmp,NoLabel\NoLabel-12_20190906_020009.bmp,,[1 0]
NoLabel-12_20190906_020029.bmp,NoLabel\NoLabel-12_20190906_020029.bmp,,[1 0]
NoLabel-12_20190906_020032.bmp,NoLabel\NoLabel-12_20190906_020032.bmp,,[1 0]
NoLabel-12_20190906_020039.bmp,NoLabel\NoLabel-12_20190906_020039.bmp,,[1 0]
NoLabel-12_20190906_020050.bmp,NoLabel\NoLabel-12_20190906_020050.bmp,,[1 0]
NoLabel-12_20190906_020054.bmp,NoLabel\NoLabel-12_20190906_020054.bmp,,[1 0]
NoLabel-12_20190906_020105.bmp,NoLabel\NoLabel-12_20190906_020105.bmp,,[1 0]
NoLabel-12_20190906_020112.bmp,NoLabel\NoLabel-12_20190906_020112.bmp,,[1 0]
NoLabel-12_20190906_020115.bmp,NoLabel\NoLabel-12_20190906_020115.bmp,,[1 0]
NoLabel-12_20190906_020122.bmp,NoLabel\NoLabel-12_20190906_020122.bmp,,[1 0]
NoLabel-12_20190906_020129.bmp,NoLabel\NoLabel-12_20190906_020129.bmp,,[1 0]
NoLabel-12_20190906_020137.bmp,NoLabel\NoLabel-12_20190906_020137.bmp,,[1 0]
NoLabel-12_20190906_020140.bmp,NoLabel\NoLabel-12_20190906_020140.bmp,,[1 0]
NoLabel-20_20191216_044900.bmp,NoLabel\NoLabel-20_20191216_044900.bmp,,[1 0]
NoLabel-20_20191216_044923.bmp,NoLabel\NoLabel-20_20191216_044923.bmp,,[1 0]
NoLabel-20_20191216_044929.bmp,NoLabel\NoLabel-20_20191216_044929.bmp,,[1 0]
NoLabel-20_20191216_045002.bmp,NoLabel\NoLabel-20_20191216_045002.bmp,,[1 0]
NoLabel-20_20191216_045011.bmp,NoLabel\NoLabel-20_20191216_045011.bmp,,[1 0]
NoLabel-20_20191216_045017.bmp,NoLabel\NoLabel-20_20191216_045017.bmp,,[1 0]
NoLabel-20_20191216_045027.bmp,NoLabel\NoLabel-20_20191216_045027.bmp,,[1 0]
NoLabel-20_20191216_045330.bmp,NoLabel\NoLabel-20_20191216_045330.bmp,,[1 0]
NoLabel-20_20191216_045338.bmp,NoLabel\NoLabel-20_20191216_045338.bmp,,[1 0]
NoLabel-20_20191216_045401.bmp,NoLabel\NoLabel-20_20191216_045401.bmp,,[1 0]
NoLabel-20_20191216_045418.bmp,NoLabel\NoLabel-20_20191216_045418.bmp,,[1 0]
NoLabel-20_20191216_045525.bmp,NoLabel\NoLabel-20_20191216_045525.bmp,,[1 0]
NoLabel-20_20191216_045533.bmp,NoLabel\NoLabel-20_20191216_045533.bmp,,[1 0]
NoLabel-20_20191216_045548.bmp,NoLabel\NoLabel-20_20191216_045548.bmp,,[1 0]
NoLabel-20_20191216_045557.bmp,NoLabel\NoLabel-20_20191216_045557.bmp,,[1 0]
NoLabel-20_20191216_045809.bmp,NoLabel\NoLabel-20_20191216_045809.bmp,,[1 0]
NoLabel-20_20191216_045813.bmp,NoLabel\NoLabel-20_20191216_045813.bmp,,[1 0]
NoLabel-20_20191216_045821.bmp,NoLabel\NoLabel-20_20191216_045821.bmp,,[1 0]
NoLabel-20_20191216_045831.bmp,NoLabel\NoLabel-20_20191216_045831.bmp,,[1 0]
NoLabel-20_20191216_045836.bmp,NoLabel\NoLabel-20_20191216_045836.bmp,,[1 0]
NoLabel-20_20191216_045913.bmp,NoLabel\NoLabel-20_20191216_045913.bmp,,[1 0]
NoLabel-20_20191216_045922.bmp,NoLabel\NoLabel-20_20191216_045922.bmp,,[1 0]
NoLabel-20_20191216_045938.bmp,NoLabel\NoLabel-20_20191216_045938.bmp,,[1 0]
NoLabel-20_20191216_050112.bmp,NoLabel\NoLabel-20_20191216_050112.bmp,,[1 0]
NoLabel-20_20191216_050128.bmp,NoLabel\NoLabel-20_20191216_050128.bmp,,[1 0]
NoLabel-20_20191216_050217.bmp,NoLabel\NoLabel-20_20191216_050217.bmp,,[1 0]
NoLabel-20_20191216_050232.bmp,NoLabel\NoLabel-20_20191216_050232.bmp,,[1 0]
NoLabel-20_20191216_050258.bmp,NoLabel\NoLabel-20_20191216_050258.bmp,,[1 0]
NoLabel-20_20191216_050312.bmp,NoLabel\NoLabel-20_20191216_050312.bmp,,[1 0]
NoLabel-20_20191216_050322.bmp,NoLabel\NoLabel-20_20191216_050322.bmp,,[1 0]
NoLabel-20_20191216_050335.bmp,NoLabel\NoLabel-20_20191216_050335.bmp,,[1 0]
NoLabel-20_20191216_050440.bmp,NoLabel\NoLabel-20_20191216_050440.bmp,,[1 0]
NoLabel-20_20191216_050444.bmp,NoLabel\NoLabel-20_20191216_050444.bmp,,[1 0]
NoLabel-20_20191216_050501.bmp,NoLabel\NoLabel-20_20191216_050501.bmp,,[1 0]
NoLabel-20_20191216_050534.bmp,NoLabel\NoLabel-20_20191216_050534.bmp,,[1 0]
NoLabel-20_20191216_050628.bmp,NoLabel\NoLabel-20_20191216_050628.bmp,,[1 0]
NoLabel-20_20191216_050634.bmp,NoLabel\NoLabel-20_20191216_050634.bmp,,[1 0]
NoLabel-20_20191216_050659.bmp,NoLabel\NoLabel-20_20191216_050659.bmp,,[1 0]
NoLabel-20_20191216_050703.bmp,NoLabel\NoLabel-20_20191216_050703.bmp,,[1 0]
NoLabel-20_20191216_050715.bmp,NoLabel\NoLabel-20_20191216_050715.bmp,,[1 0]
NoLabel-20_20191216_050725.bmp,NoLabel\NoLabel-20_20191216_050725.bmp,,[1 0]
NoLabel-20_20191216_050739.bmp,NoLabel\NoLabel-20_20191216_050739.bmp,,[1 0]
NoLabel-20_20191216_051010.bmp,NoLabel\NoLabel-20_20191216_051010.bmp,,[1 0]
NoLabel-20_20191216_051014.bmp,NoLabel\NoLabel-20_20191216_051014.bmp,,[1 0]
NoLabel-20_20191216_051025.bmp,NoLabel\NoLabel-20_20191216_051025.bmp,,[1 0]
NoLabel-20_20191216_051041.bmp,NoLabel\NoLabel-20_20191216_051041.bmp,,[1 0]
NoLabel-20_20191216_051052.bmp,NoLabel\NoLabel-20_20191216_051052.bmp,,[1 0]
NoLabel-20_20191216_051114.bmp,NoLabel\NoLabel-20_20191216_051114.bmp,,[1 0]
NoLabel-20_20191216_051139.bmp,NoLabel\NoLabel-20_20191216_051139.bmp,,[1 0]
NoLabel-20_20191216_051144.bmp,NoLabel\NoLabel-20_20191216_051144.bmp,,[1 0]
NoLabel-20_20191216_051301.bmp,NoLabel\NoLabel-20_20191216_051301.bmp,,[1 0]
NoLabel-20_20191216_051325.bmp,NoLabel\NoLabel-20_20191216_051325.bmp,,[1 0]
NoLabel-20_20191216_051345.bmp,NoLabel\NoLabel-20_20191216_051345.bmp,,[1 0]
NoLabel-20_20191216_051402.bmp,NoLabel\NoLabel-20_20191216_051402.bmp,,[1 0]
NoLabel-20_20191216_051412.bmp,NoLabel\NoLabel-20_20191216_051412.bmp,,[1 0]
NoLabel-20_20191216_051455.bmp,NoLabel\NoLabel-20_20191216_051455.bmp,,[1 0]
NoLabel-20_20191216_051508.bmp,NoLabel\NoLabel-20_20191216_051508.bmp,,[1 0]
NoLabel-20_20191216_051519.bmp,NoLabel\NoLabel-20_20191216_051519.bmp,,[1 0]
NoLabel-20_20191216_051542.bmp,NoLabel\NoLabel-20_20191216_051542.bmp,,[1 0]
NoLabel-20_20191216_051610.bmp,NoLabel\NoLabel-20_20191216_051610.bmp,,[1 0]
NoLabel-20_20191216_051620.bmp,NoLabel\NoLabel-20_20191216_051620.bmp,,[1 0]
NoLabel-20_20191216_051624.bmp,NoLabel\NoLabel-20_20191216_051624.bmp,,[1 0]
NoLabel-20_20191216_051827.bmp,NoLabel\NoLabel-20_20191216_051827.bmp,,[1 0]
NoLabel-20_20191216_051833.bmp,NoLabel\NoLabel-20_20191216_051833.bmp,,[1 0]
NoLabel-20_20191216_051923.bmp,NoLabel\NoLabel-20_20191216_051923.bmp,,[1 0]
NoLabel-20_20191216_051930.bmp,NoLabel\NoLabel-20_20191216_051930.bmp,,[1 0]
NoLabel-20_20191216_051941.bmp,NoLabel\NoLabel-20_20191216_051941.bmp,,[1 0]
NoLabel-20_20191216_051953.bmp,NoLabel\NoLabel-20_20191216_051953.bmp,,[1 0]
NoLabel-20_20191216_052006.bmp,NoLabel\NoLabel-20_20191216_052006.bmp,,[1 0]
NoLabel-20_20191216_052017.bmp,NoLabel\NoLabel-20_20191216_052017.bmp,,[1 0]
NoLabel-20_20191216_052036.bmp,NoLabel\NoLabel-20_20191216_052036.bmp,,[1 0]
NoLabel-20_20191216_052040.bmp,NoLabel\NoLabel-20_20191216_052040.bmp,,[1 0]
NoLabel-20_20191216_052104.bmp,NoLabel\NoLabel-20_20191216_052104.bmp,,[1 0]
NoLabel-20_20191216_052108.bmp,NoLabel\NoLabel-20_20191216_052108.bmp,,[1 0]
NoLabel-20_20191216_052125.bmp,NoLabel\NoLabel-20_20191216_052125.bmp,,[1 0]
NoLabel-20_20191216_052139.bmp,NoLabel\NoLabel-20_20191216_052139.bmp,,[1 0]
NoLabel-20_20191216_052145.bmp,NoLabel\NoLabel-20_20191216_052145.bmp,,[1 0]
NoLabel-20_20191216_052158.bmp,NoLabel\NoLabel-20_20191216_052158.bmp,,[1 0]
NoLabel-20_20191216_052211.bmp,NoLabel\NoLabel-20_20191216_052211.bmp,,[1 0]
NoLabel-20_20191216_052219.bmp,NoLabel\NoLabel-20_20191216_052219.bmp,,[1 0]
NoLabel-20_20191216_052229.bmp,NoLabel\NoLabel-20_20191216_052229.bmp,,[1 0]
NoLabel-20_20191216_052253.bmp,NoLabel\NoLabel-20_20191216_052253.bmp,,[1 0]
NoLabel-20_20191216_052258.bmp,NoLabel\NoLabel-20_20191216_052258.bmp,,[1 0]
NoLabel-20_20191216_052420.bmp,NoLabel\NoLabel-20_20191216_052420.bmp,,[1 0]
NoLabel-20_20191216_052525.bmp,NoLabel\NoLabel-20_20191216_052525.bmp,,[1 0]
NoLabel-20_20191216_052530.bmp,NoLabel\NoLabel-20_20191216_052530.bmp,,[1 0]
NoLabel-20_20191216_052541.bmp,NoLabel\NoLabel-20_20191216_052541.bmp,,[1 0]
NoLabel-20_20191216_052557.bmp,NoLabel\NoLabel-20_20191216_052557.bmp,,[1 0]
NoLabel-20_20191216_052606.bmp,NoLabel\NoLabel-20_20191216_052606.bmp,,[1 0]
NoLabel-20_20191216_052617.bmp,NoLabel\NoLabel-20_20191216_052617.bmp,,[1 0]
NoLabel-20_20191216_052705.bmp,NoLabel\NoLabel-20_20191216_052705.bmp,,[1 0]
NoLabel-20_20191216_052732.bmp,NoLabel\NoLabel-20_20191216_052732.bmp,,[1 0]
NoLabel-20_20191216_052738.bmp,NoLabel\NoLabel-20_20191216_052738.bmp,,[1 0]
NoLabel-20_20191216_052837.bmp,NoLabel\NoLabel-20_20191216_052837.bmp,,[1 0]
NoLabel-20_20191216_052844.bmp,NoLabel\NoLabel-20_20191216_052844.bmp,,[1 0]
NoLabel-20_20191216_052853.bmp,NoLabel\NoLabel-20_20191216_052853.bmp,,[1 0]
NoLabel-20_20191216_052959.bmp,NoLabel\NoLabel-20_20191216_052959.bmp,,[1 0]
NoLabel-20_20191216_053013.bmp,NoLabel\NoLabel-20_20191216_053013.bmp,,[1 0]
NoLabel-20_20191216_053023.bmp,NoLabel\NoLabel-20_20191216_053023.bmp,,[1 0]
NoLabel-20_20191216_053028.bmp,NoLabel\NoLabel-20_20191216_053028.bmp,,[1 0]
NoLabel-20_20191216_053054.bmp,NoLabel\NoLabel-20_20191216_053054.bmp,,[1 0]
NoLabel-20_20191216_053102.bmp,NoLabel\NoLabel-20_20191216_053102.bmp,,[1 0]
NoLabel-20_20191216_053109.bmp,NoLabel\NoLabel-20_20191216_053109.bmp,,[1 0]
NoLabel-20_20191216_053140.bmp,NoLabel\NoLabel-20_20191216_053140.bmp,,[1 0]
NoLabel-20_20191216_053241.bmp,NoLabel\NoLabel-20_20191216_053241.bmp,,[1 0]
NoLabel-20_20191216_053312.bmp,NoLabel\NoLabel-20_20191216_053312.bmp,,[1 0]
NoLabel-20_20191216_053329.bmp,NoLabel\NoLabel-20_20191216_053329.bmp,,[1 0]
NoLabel-20_20191216_053343.bmp,NoLabel\NoLabel-20_20191216_053343.bmp,,[1 0]
NoLabel-20_20191216_053349.bmp,NoLabel\NoLabel-20_20191216_053349.bmp,,[1 0]
NoLabel-20_20191216_053401.bmp,NoLabel\NoLabel-20_20191216_053401.bmp,,[1 0]
NoLabel-20_20191216_053412.bmp,NoLabel\NoLabel-20_20191216_053412.bmp,,[1 0]
NoLabel-20_20191216_053417.bmp,NoLabel\NoLabel-20_20191216_053417.bmp,,[1 0]
NoLabel-20_20191216_053444.bmp,NoLabel\NoLabel-20_20191216_053444.bmp,,[1 0]
NoLabel-20_20191216_053503.bmp,NoLabel\NoLabel-20_20191216_053503.bmp,,[1 0]
NoLabel-20_20191216_053617.bmp,NoLabel\NoLabel-20_20191216_053617.bmp,,[1 0]
NoLabel-20_20191216_053625.bmp,NoLabel\NoLabel-20_20191216_053625.bmp,,[1 0]
NoLabel-20_20191216_053651.bmp,NoLabel\NoLabel-20_20191216_053651.bmp,,[1 0]
NoLabel-20_20191216_053659.bmp,NoLabel\NoLabel-20_20191216_053659.bmp,,[1 0]
NoLabel-20_20191216_053708.bmp,NoLabel\NoLabel-20_20191216_053708.bmp,,[1 0]
NoLabel-20_20191216_053721.bmp,NoLabel\NoLabel-20_20191216_053721.bmp,,[1 0]
NoLabel-20_20191216_053725.bmp,NoLabel\NoLabel-20_20191216_053725.bmp,,[1 0]
NoLabel-20_20191216_053735.bmp,NoLabel\NoLabel-20_20191216_053735.bmp,,[1 0]
NoLabel-20_20191216_053755.bmp,NoLabel\NoLabel-20_20191216_053755.bmp,,[1 0]
NoLabel-20_20191216_053805.bmp,NoLabel\NoLabel-20_20191216_053805.bmp,,[1 0]
NoLabel-20_20191216_053817.bmp,NoLabel\NoLabel-20_20191216_053817.bmp,,[1 0]
NoLabel-20_20191216_053941.bmp,NoLabel\NoLabel-20_20191216_053941.bmp,,[1 0]
NoLabel-20_20191216_053958.bmp,NoLabel\NoLabel-20_20191216_053958.bmp,,[1 0]
NoLabel-20_20191216_054253.bmp,NoLabel\NoLabel-20_20191216_054253.bmp,,[1 0]
NoLabel-20_20191216_054258.bmp,NoLabel\NoLabel-20_20191216_054258.bmp,,[1 0]
NoLabel-20_20191216_054310.bmp,NoLabel\NoLabel-20_20191216_054310.bmp,,[1 0]
NoLabel-20_20191216_054328.bmp,NoLabel\NoLabel-20_20191216_054328.bmp,,[1 0]
NoLabel-20_20191216_054524.bmp,NoLabel\NoLabel-20_20191216_054524.bmp,,[1 0]
NoLabel-20_20191216_054529.bmp,NoLabel\NoLabel-20_20191216_054529.bmp,,[1 0]
NoLabel-20_20191216_054538.bmp,NoLabel\NoLabel-20_20191216_054538.bmp,,[1 0]
NoLabel-20_20191216_054547.bmp,NoLabel\NoLabel-20_20191216_054547.bmp,,[1 0]
NoLabel-20_20191216_054555.bmp,NoLabel\NoLabel-20_20191216_054555.bmp,,[1 0]
NoLabel-20_20191216_054614.bmp,NoLabel\NoLabel-20_20191216_054614.bmp,,[1 0]
NoLabel-20_20191216_054618.bmp,NoLabel\NoLabel-20_20191216_054618.bmp,,[1 0]
NoLabel-20_20191216_054628.bmp,NoLabel\NoLabel-20_20191216_054628.bmp,,[1 0]
NoLabel-20_20191216_054646.bmp,NoLabel\NoLabel-20_20191216_054646.bmp,,[1 0]
NoLabel-20_20191216_054651.bmp,NoLabel\NoLabel-20_20191216_054651.bmp,,[1 0]
NoLabel-20_20191216_054717.bmp,NoLabel\NoLabel-20_20191216_054717.bmp,,[1 0]
NoLabel-20_20191216_054722.bmp,NoLabel\NoLabel-20_20191216_054722.bmp,,[1 0]
NoLabel-20_20191216_054733.bmp,NoLabel\NoLabel-20_20191216_054733.bmp,,[1 0]
NoLabel-20_20191216_054751.bmp,NoLabel\NoLabel-20_20191216_054751.bmp,,[1 0]
NoLabel-20_20191216_054805.bmp,NoLabel\NoLabel-20_20191216_054805.bmp,,[1 0]
NoLabel-20_20191216_054834.bmp,NoLabel\NoLabel-20_20191216_054834.bmp,,[1 0]
NoLabel-20_20191216_054904.bmp,NoLabel\NoLabel-20_20191216_054904.bmp,,[1 0]
NoLabel-20_20191216_054924.bmp,NoLabel\NoLabel-20_20191216_054924.bmp,,[1 0]
NoLabel-20_20191216_054937.bmp,NoLabel\NoLabel-20_20191216_054937.bmp,,[1 0]
NoLabel-20_20191216_054940.bmp,NoLabel\NoLabel-20_20191216_054940.bmp,,[1 0]
NoLabel-20_20191216_054947.bmp,NoLabel\NoLabel-20_20191216_054947.bmp,,[1 0]
NoLabel-20_20191216_054959.bmp,NoLabel\NoLabel-20_20191216_054959.bmp,,[1 0]
NoLabel-20_20191216_055005.bmp,NoLabel\NoLabel-20_20191216_055005.bmp,,[1 0]
NoLabel-20_20191216_055016.bmp,NoLabel\NoLabel-20_20191216_055016.bmp,,[1 0]
NoLabel-20_20191216_055026.bmp,NoLabel\NoLabel-20_20191216_055026.bmp,,[1 0]
NoLabel-20_20191216_055052.bmp,NoLabel\NoLabel-20_20191216_055052.bmp,,[1 0]
NoLabel-20_20191216_055109.bmp,NoLabel\NoLabel-20_20191216_055109.bmp,,[1 0]
NoLabel-20_20191216_055118.bmp,NoLabel\NoLabel-20_20191216_055118.bmp,,[1 0]
NoLabel-20_20191216_055217.bmp,NoLabel\NoLabel-20_20191216_055217.bmp,,[1 0]
NoLabel-20_20191216_055226.bmp,NoLabel\NoLabel-20_20191216_055226.bmp,,[1 0]
NoLabel-20_20191216_055237.bmp,NoLabel\NoLabel-20_20191216_055237.bmp,,[1 0]
NoLabel-20_20191216_055246.bmp,NoLabel\NoLabel-20_20191216_055246.bmp,,[1 0]
NoLabel-20_20191216_055250.bmp,NoLabel\NoLabel-20_20191216_055250.bmp,,[1 0]
NoLabel-20_20191216_055310.bmp,NoLabel\NoLabel-20_20191216_055310.bmp,,[1 0]
NoLabel-20_20191216_055321.bmp,NoLabel\NoLabel-20_20191216_055321.bmp,,[1 0]
NoLabel-20_20191216_060443.bmp,NoLabel\NoLabel-20_20191216_060443.bmp,,[1 0]
NoLabel-20_20191216_060448.bmp,NoLabel\NoLabel-20_20191216_060448.bmp,,[1 0]
NoLabel-20_20191216_060456.bmp,NoLabel\NoLabel-20_20191216_060456.bmp,,[1 0]
NoLabel-20_20191216_060505.bmp,NoLabel\NoLabel-20_20191216_060505.bmp,,[1 0]
NoLabel-20_20191216_060515.bmp,NoLabel\NoLabel-20_20191216_060515.bmp,,[1 0]
NoLabel-20_20191216_060523.bmp,NoLabel\NoLabel-20_20191216_060523.bmp,,[1 0]
NoLabel-20_20191216_060528.bmp,NoLabel\NoLabel-20_20191216_060528.bmp,,[1 0]
NoLabel-20_20191216_060537.bmp,NoLabel\NoLabel-20_20191216_060537.bmp,,[1 0]
NoLabel-20_20191216_060612.bmp,NoLabel\NoLabel-20_20191216_060612.bmp,,[1 0]
NoLabel-20_20191216_060616.bmp,NoLabel\NoLabel-20_20191216_060616.bmp,,[1 0]
NoLabel-20_20191216_060625.bmp,NoLabel\NoLabel-20_20191216_060625.bmp,,[1 0]
NoLabel-20_20191216_060717.bmp,NoLabel\NoLabel-20_20191216_060717.bmp,,[1 0]
NoLabel-20_20191216_060728.bmp,NoLabel\NoLabel-20_20191216_060728.bmp,,[1 0]
NoLabel-20_20191216_060740.bmp,NoLabel\NoLabel-20_20191216_060740.bmp,,[1 0]
NoLabel-20_20191216_060749.bmp,NoLabel\NoLabel-20_20191216_060749.bmp,,[1 0]
NoLabel-20_20191216_060800.bmp,NoLabel\NoLabel-20_20191216_060800.bmp,,[1 0]
NoLabel-20_20191216_060837.bmp,NoLabel\NoLabel-20_20191216_060837.bmp,,[1 0]
NoLabel-20_20191216_060845.bmp,NoLabel\NoLabel-20_20191216_060845.bmp,,[1 0]
NoLabel-20_20191216_060849.bmp,NoLabel\NoLabel-20_20191216_060849.bmp,,[1 0]
NoLabel-20_20191216_060859.bmp,NoLabel\NoLabel-20_20191216_060859.bmp,,[1 0]
NoLabel-20_20191216_060911.bmp,NoLabel\NoLabel-20_20191216_060911.bmp,,[1 0]
NoLabel-20_20191216_060919.bmp,NoLabel\NoLabel-20_20191216_060919.bmp,,[1 0]
NoLabel-20_20191216_060927.bmp,NoLabel\NoLabel-20_20191216_060927.bmp,,[1 0]
NoLabel-20_20191216_060941.bmp,NoLabel\NoLabel-20_20191216_060941.bmp,,[1 0]
NoLabel-20_20191216_061006.bmp,NoLabel\NoLabel-20_20191216_061006.bmp,,[1 0]
NoLabel-20_20191216_061014.bmp,NoLabel\NoLabel-20_20191216_061014.bmp,,[1 0]
NoLabel-20_20191216_061019.bmp,NoLabel\NoLabel-20_20191216_061019.bmp,,[1 0]
NoLabel-20_20191216_061028.bmp,NoLabel\NoLabel-20_20191216_061028.bmp,,[1 0]
NoLabel-20_20191216_061042.bmp,NoLabel\NoLabel-20_20191216_061042.bmp,,[1 0]
NoLabel-20_20191216_061052.bmp,NoLabel\NoLabel-20_20191216_061052.bmp,,[1 0]
NoLabel-20_20191216_061102.bmp,NoLabel\NoLabel-20_20191216_061102.bmp,,[1 0]
NoLabel-20_20191216_061110.bmp,NoLabel\NoLabel-20_20191216_061110.bmp,,[1 0]
NoLabel-20_20191216_061117.bmp,NoLabel\NoLabel-20_20191216_061117.bmp,,[1 0]
NoLabel-23_20190905_035310.bmp,NoLabel\NoLabel-23_20190905_035310.bmp,,[1 0]
NoLabel-23_20190905_035416.bmp,NoLabel\NoLabel-23_20190905_035416.bmp,,[1 0]
NoLabel-23_20190905_035717.bmp,NoLabel\NoLabel-23_20190905_035717.bmp,,[1 0]
NoLabel-23_20190905_035854.bmp,NoLabel\NoLabel-23_20190905_035854.bmp,,[1 0]
NoLabel-23_20190905_035923.bmp,NoLabel\NoLabel-23_20190905_035923.bmp,,[1 0]
NoLabel-23_20190905_035936.bmp,NoLabel\NoLabel-23_20190905_035936.bmp,,[1 0]
NoLabel-23_20190905_040413.bmp,NoLabel\NoLabel-23_20190905_040413.bmp,,[1 0]
NoLabel-23_20190905_040428.bmp,NoLabel\NoLabel-23_20190905_040428.bmp,,[1 0]
NoLabel-23_20190905_040445.bmp,NoLabel\NoLabel-23_20190905_040445.bmp,,[1 0]
NoLabel-23_20190905_040657.bmp,NoLabel\NoLabel-23_20190905_040657.bmp,,[1 0]
NoLabel-23_20190905_040735.bmp,NoLabel\NoLabel-23_20190905_040735.bmp,,[1 0]
NoLabel-23_20190905_040750.bmp,NoLabel\NoLabel-23_20190905_040750.bmp,,[1 0]
NoLabel-23_20190905_040804.bmp,NoLabel\NoLabel-23_20190905_040804.bmp,,[1 0]
NoLabel-23_20190905_040821.bmp,NoLabel\NoLabel-23_20190905_040821.bmp,,[1 0]
NoLabel-23_20190905_040829.bmp,NoLabel\NoLabel-23_20190905_040829.bmp,,[1 0]
NoLabel-23_20190905_040841.bmp,NoLabel\NoLabel-23_20190905_040841.bmp,,[1 0]
NoLabel-23_20190905_040855.bmp,NoLabel\NoLabel-23_20190905_040855.bmp,,[1 0]
NoLabel-23_20190905_040936.bmp,NoLabel\NoLabel-23_20190905_040936.bmp,,[1 0]
NoLabel-23_20190905_041010.bmp,NoLabel\NoLabel-23_20190905_041010.bmp,,[1 0]
NoLabel-23_20190905_041034.bmp,NoLabel\NoLabel-23_20190905_041034.bmp,,[1 0]
NoLabel-23_20190905_041043.bmp,NoLabel\NoLabel-23_20190905_041043.bmp,,[1 0]
NoLabel-23_20190905_041055.bmp,NoLabel\NoLabel-23_20190905_041055.bmp,,[1 0]
NoLabel-23_20190905_041109.bmp,NoLabel\NoLabel-23_20190905_041109.bmp,,[1 0]
NoLabel-23_20190905_041221.bmp,NoLabel\NoLabel-23_20190905_041221.bmp,,[1 0]
NoLabel-23_20190905_041233.bmp,NoLabel\NoLabel-23_20190905_041233.bmp,,[1 0]
NoLabel-23_20190905_041303.bmp,NoLabel\NoLabel-23_20190905_041303.bmp,,[1 0]
NoLabel-23_20190905_041356.bmp,NoLabel\NoLabel-23_20190905_041356.bmp,,[1 0]
NoLabel-23_20190905_041421.bmp,NoLabel\NoLabel-23_20190905_041421.bmp,,[1 0]
NoLabel-23_20190905_041428.bmp,NoLabel\NoLabel-23_20190905_041428.bmp,,[1 0]
NoLabel-23_20190905_041442.bmp,NoLabel\NoLabel-23_20190905_041442.bmp,,[1 0]
NoLabel-23_20190905_041451.bmp,NoLabel\NoLabel-23_20190905_041451.bmp,,[1 0]
NoLabel-23_20190905_041518.bmp,NoLabel\NoLabel-23_20190905_041518.bmp,,[1 0]
NoLabel-23_20190905_041526.bmp,NoLabel\NoLabel-23_20190905_041526.bmp,,[1 0]
NoLabel-23_20190905_041702.bmp,NoLabel\NoLabel-23_20190905_041702.bmp,,[1 0]
NoLabel-23_20190905_041716.bmp,NoLabel\NoLabel-23_20190905_041716.bmp,,[1 0]
NoLabel-23_20190905_041743.bmp,NoLabel\NoLabel-23_20190905_041743.bmp,,[1 0]
NoLabel-23_20190905_041755.bmp,NoLabel\NoLabel-23_20190905_041755.bmp,,[1 0]
NoLabel-23_20190905_041802.bmp,NoLabel\NoLabel-23_20190905_041802.bmp,,[1 0]
NoLabel-23_20190905_041817.bmp,NoLabel\NoLabel-23_20190905_041817.bmp,,[1 0]
NoLabel-23_20190905_041847.bmp,NoLabel\NoLabel-23_20190905_041847.bmp,,[1 0]
NoLabel-23_20190905_041910.bmp,NoLabel\NoLabel-23_20190905_041910.bmp,,[1 0]
NoLabel-23_20190905_041922.bmp,NoLabel\NoLabel-23_20190905_041922.bmp,,[1 0]
NoLabel-23_20190905_041929.bmp,NoLabel\NoLabel-23_20190905_041929.bmp,,[1 0]
NoLabel-23_20190905_041944.bmp,NoLabel\NoLabel-23_20190905_041944.bmp,,[1 0]
NoLabel-23_20190905_042108.bmp,NoLabel\NoLabel-23_20190905_042108.bmp,,[1 0]
NoLabel-23_20190905_042120.bmp,NoLabel\NoLabel-23_20190905_042120.bmp,,[1 0]
NoLabel-23_20190905_042132.bmp,NoLabel\NoLabel-23_20190905_042132.bmp,,[1 0]
NoLabel-23_20190905_042138.bmp,NoLabel\NoLabel-23_20190905_042138.bmp,,[1 0]
NoLabel-23_20190905_042200.bmp,NoLabel\NoLabel-23_20190905_042200.bmp,,[1 0]
NoLabel-23_20190905_042207.bmp,NoLabel\NoLabel-23_20190905_042207.bmp,,[1 0]
NoLabel-23_20190905_042221.bmp,NoLabel\NoLabel-23_20190905_042221.bmp,,[1 0]
NoLabel-23_20190905_042229.bmp,NoLabel\NoLabel-23_20190905_042229.bmp,,[1 0]
NoLabel-23_20190905_042241.bmp,NoLabel\NoLabel-23_20190905_042241.bmp,,[1 0]
NoLabel-23_20190905_042251.bmp,NoLabel\NoLabel-23_20190905_042251.bmp,,[1 0]
NoLabel-23_20190905_042339.bmp,NoLabel\NoLabel-23_20190905_042339.bmp,,[1 0]
NoLabel-23_20190905_042358.bmp,NoLabel\NoLabel-23_20190905_042358.bmp,,[1 0]
NoLabel-23_20190905_042414.bmp,NoLabel\NoLabel-23_20190905_042414.bmp,,[1 0]
NoLabel-23_20190905_042423.bmp,NoLabel\NoLabel-23_20190905_042423.bmp,,[1 0]
NoLabel-23_20190905_042433.bmp,NoLabel\NoLabel-23_20190905_042433.bmp,,[1 0]
NoLabel-23_20190905_042439.bmp,NoLabel\NoLabel-23_20190905_042439.bmp,,[1 0]
NoLabel-23_20190906_015224.bmp,NoLabel\NoLabel-23_20190906_015224.bmp,,[1 0]
NoLabel-23_20190906_015230.bmp,NoLabel\NoLabel-23_20190906_015230.bmp,,[1 0]
NoLabel-23_20190906_015241.bmp,NoLabel\NoLabel-23_20190906_015241.bmp,,[1 0]
NoLabel-23_20190906_015259.bmp,NoLabel\NoLabel-23_20190906_015259.bmp,,[1 0]
NoLabel-23_20190906_015310.bmp,NoLabel\NoLabel-23_20190906_015310.bmp,,[1 0]
NoLabel-23_20190906_015314.bmp,NoLabel\NoLabel-23_20190906_015314.bmp,,[1 0]
NoLabel-23_20190906_015329.bmp,NoLabel\NoLabel-23_20190906_015329.bmp,,[1 0]
NoLabel-23_20190906_015335.bmp,NoLabel\NoLabel-23_20190906_015335.bmp,,[1 0]
NoLabel-23_20190906_015345.bmp,NoLabel\NoLabel-23_20190906_015345.bmp,,[1 0]
NoLabel-23_20190906_015356.bmp,NoLabel\NoLabel-23_20190906_015356.bmp,,[1 0]
NoLabel-23_20190906_015400.bmp,NoLabel\NoLabel-23_20190906_015400.bmp,,[1 0]
NoLabel-23_20190906_015412.bmp,NoLabel\NoLabel-23_20190906_015412.bmp,,[1 0]
NoLabel-23_20190906_015420.bmp,NoLabel\NoLabel-23_20190906_015420.bmp,,[1 0]
NoLabel-23_20190906_015425.bmp,NoLabel\NoLabel-23_20190906_015425.bmp,,[1 0]
NoLabel-23_20190906_015500.bmp,NoLabel\NoLabel-23_20190906_015500.bmp,,[1 0]
NoLabel-23_20190906_015506.bmp,NoLabel\NoLabel-23_20190906_015506.bmp,,[1 0]
NoLabel-23_20190906_015509.bmp,NoLabel\NoLabel-23_20190906_015509.bmp,,[1 0]
NoLabel-23_20190906_015515.bmp,NoLabel\NoLabel-23_20190906_015515.bmp,,[1 0]
NoLabel-23_20190906_015521.bmp,NoLabel\NoLabel-23_20190906_015521.bmp,,[1 0]
NoLabel-23_20190906_015531.bmp,NoLabel\NoLabel-23_20190906_015531.bmp,,[1 0]
NoLabel-23_20190906_015535.bmp,NoLabel\NoLabel-23_20190906_015535.bmp,,[1 0]
NoLabel-23_20190906_015617.bmp,NoLabel\NoLabel-23_20190906_015617.bmp,,[1 0]
NoLabel-23_20190906_015623.bmp,NoLabel\NoLabel-23_20190906_015623.bmp,,[1 0]
NoLabel-23_20190906_015635.bmp,NoLabel\NoLabel-23_20190906_015635.bmp,,[1 0]
NoLabel-23_20190906_015639.bmp,NoLabel\NoLabel-23_20190906_015639.bmp,,[1 0]
NoLabel-23_20190906_015646.bmp,NoLabel\NoLabel-23_20190906_015646.bmp,,[1 0]
NoLabel-23_20190906_015649.bmp,NoLabel\NoLabel-23_20190906_015649.bmp,,[1 0]
NoLabel-23_20190906_015656.bmp,NoLabel\NoLabel-23_20190906_015656.bmp,,[1 0]
NoLabel-23_20190906_015712.bmp,NoLabel\NoLabel-23_20190906_015712.bmp,,[1 0]
NoLabel-23_20190906_015720.bmp,NoLabel\NoLabel-23_20190906_015720.bmp,,[1 0]
NoLabel-23_20190906_015724.bmp,NoLabel\NoLabel-23_20190906_015724.bmp,,[1 0]
NoLabel-23_20190906_015733.bmp,NoLabel\NoLabel-23_20190906_015733.bmp,,[1 0]
NoLabel-23_20190906_015746.bmp,NoLabel\NoLabel-23_20190906_015746.bmp,,[1 0]
NoLabel-23_20190906_015750.bmp,NoLabel\NoLabel-23_20190906_015750.bmp,,[1 0]
NoLabel-23_20190906_015919.bmp,NoLabel\NoLabel-23_20190906_015919.bmp,,[1 0]
NoLabel-23_20190906_015924.bmp,NoLabel\NoLabel-23_20190906_015924.bmp,,[1 0]
NoLabel-23_20190906_015931.bmp,NoLabel\NoLabel-23_20190906_015931.bmp,,[1 0]
NoLabel-23_20190906_015943.bmp,NoLabel\NoLabel-23_20190906_015943.bmp,,[1 0]
NoLabel-23_20190906_015947.bmp,NoLabel\NoLabel-23_20190906_015947.bmp,,[1 0]
NoLabel-23_20190906_015953.bmp,NoLabel\NoLabel-23_20190906_015953.bmp,,[1 0]
NoLabel-23_20190906_015959.bmp,NoLabel\NoLabel-23_20190906_015959.bmp,,[1 0]
NoLabel-23_20190906_020009.bmp,NoLabel\NoLabel-23_20190906_020009.bmp,,[1 0]
NoLabel-23_20190906_020029.bmp,NoLabel\NoLabel-23_20190906_020029.bmp,,[1 0]
NoLabel-23_20190906_020032.bmp,NoLabel\NoLabel-23_20190906_020032.bmp,,[1 0]
NoLabel-23_20190906_020039.bmp,NoLabel\NoLabel-23_20190906_020039.bmp,,[1 0]
NoLabel-23_20190906_020050.bmp,NoLabel\NoLabel-23_20190906_020050.bmp,,[1 0]
NoLabel-23_20190906_020054.bmp,NoLabel\NoLabel-23_20190906_020054.bmp,,[1 0]
NoLabel-23_20190906_020101.bmp,NoLabel\NoLabel-23_20190906_020101.bmp,,[1 0]
NoLabel-23_20190906_020105.bmp,NoLabel\NoLabel-23_20190906_020105.bmp,,[1 0]
NoLabel-23_20190906_020112.bmp,NoLabel\NoLabel-23_20190906_020112.bmp,,[1 0]
NoLabel-23_20190906_020115.bmp,NoLabel\NoLabel-23_20190906_020115.bmp,,[1 0]
NoLabel-23_20190906_020122.bmp,NoLabel\NoLabel-23_20190906_020122.bmp,,[1 0]
NoLabel-23_20190906_020129.bmp,NoLabel\NoLabel-23_20190906_020129.bmp,,[1 0]
NoLabel-23_20190906_020140.bmp,NoLabel\NoLabel-23_20190906_020140.bmp,,[1 0]
NoLabel-23_20190906_020149.bmp,NoLabel\NoLabel-23_20190906_020149.bmp,,[1 0]
seal_breach_0-12_20190906_010007.bmp,seal_breach_0\seal_breach_0-12_20190906_010007.bmp,seal_breach_0-12_20190906_010007.png,[0 1]
seal_breach_0-12_20190906_010012.bmp,seal_breach_0\seal_breach_0-12_20190906_010012.bmp,seal_breach_0-12_20190906_010012.png,[0 1]
seal_breach_0-12_20190906_010024.bmp,seal_breach_0\seal_breach_0-12_20190906_010024.bmp,seal_breach_0-12_20190906_010024.png,[0 1]
seal_breach_0-12_20190906_010046.bmp,seal_breach_0\seal_breach_0-12_20190906_010046.bmp,seal_breach_0-12_20190906_010046.png,[0 1]
seal_breach_0-12_20190906_010053.bmp,seal_breach_0\seal_breach_0-12_20190906_010053.bmp,seal_breach_0-12_20190906_010053.png,[0 1]
seal_breach_0-12_20190906_010106.bmp,seal_breach_0\seal_breach_0-12_20190906_010106.bmp,seal_breach_0-12_20190906_010106.png,[0 1]
seal_breach_0-12_20190906_010117.bmp,seal_breach_0\seal_breach_0-12_20190906_010117.bmp,seal_breach_0-12_20190906_010117.png,[0 1]
seal_breach_0-12_20190906_010121.bmp,seal_breach_0\seal_breach_0-12_20190906_010121.bmp,seal_breach_0-12_20190906_010121.png,[0 1]
seal_breach_0-12_20190906_010128.bmp,seal_breach_0\seal_breach_0-12_20190906_010128.bmp,seal_breach_0-12_20190906_010128.png,[0 1]
seal_breach_0-12_20190906_010132.bmp,seal_breach_0\seal_breach_0-12_20190906_010132.bmp,seal_breach_0-12_20190906_010132.png,[0 1]
seal_breach_0-12_20190906_010139.bmp,seal_breach_0\seal_breach_0-12_20190906_010139.bmp,seal_breach_0-12_20190906_010139.png,[0 1]
seal_breach_0-12_20190906_010150.bmp,seal_breach_0\seal_breach_0-12_20190906_010150.bmp,seal_breach_0-12_20190906_010150.png,[0 1]
seal_breach_0-12_20190906_010155.bmp,seal_breach_0\seal_breach_0-12_20190906_010155.bmp,seal_breach_0-12_20190906_010155.png,[0 1]
seal_breach_0-12_20190906_010202.bmp,seal_breach_0\seal_breach_0-12_20190906_010202.bmp,seal_breach_0-12_20190906_010202.png,[0 1]
seal_breach_0-12_20190906_010301.bmp,seal_breach_0\seal_breach_0-12_20190906_010301.bmp,seal_breach_0-12_20190906_010301.png,[0 1]
seal_breach_0-12_20190906_010319.bmp,seal_breach_0\seal_breach_0-12_20190906_010319.bmp,seal_breach_0-12_20190906_010319.png,[0 1]
seal_breach_0-12_20190906_010323.bmp,seal_breach_0\seal_breach_0-12_20190906_010323.bmp,seal_breach_0-12_20190906_010323.png,[0 1]
seal_breach_0-12_20190906_010329.bmp,seal_breach_0\seal_breach_0-12_20190906_010329.bmp,seal_breach_0-12_20190906_010329.png,[0 1]
seal_breach_0-12_20190906_010334.bmp,seal_breach_0\seal_breach_0-12_20190906_010334.bmp,seal_breach_0-12_20190906_010334.png,[0 1]
seal_breach_0-12_20190906_010341.bmp,seal_breach_0\seal_breach_0-12_20190906_010341.bmp,seal_breach_0-12_20190906_010341.png,[0 1]
seal_breach_0-12_20190906_010346.bmp,seal_breach_0\seal_breach_0-12_20190906_010346.bmp,seal_breach_0-12_20190906_010346.png,[0 1]
seal_breach_0-12_20190906_010353.bmp,seal_breach_0\seal_breach_0-12_20190906_010353.bmp,seal_breach_0-12_20190906_010353.png,[0 1]
seal_breach_0-12_20190906_010359.bmp,seal_breach_0\seal_breach_0-12_20190906_010359.bmp,seal_breach_0-12_20190906_010359.png,[0 1]
seal_breach_0-12_20190906_010411.bmp,seal_breach_0\seal_breach_0-12_20190906_010411.bmp,seal_breach_0-12_20190906_010411.png,[0 1]
seal_breach_0-12_20190906_010436.bmp,seal_breach_0\seal_breach_0-12_20190906_010436.bmp,seal_breach_0-12_20190906_010436.png,[0 1]
seal_breach_0-12_20190906_010440.bmp,seal_breach_0\seal_breach_0-12_20190906_010440.bmp,seal_breach_0-12_20190906_010440.png,[0 1]
seal_breach_0-12_20190906_010447.bmp,seal_breach_0\seal_breach_0-12_20190906_010447.bmp,seal_breach_0-12_20190906_010447.png,[0 1]
seal_breach_0-12_20190906_010459.bmp,seal_breach_0\seal_breach_0-12_20190906_010459.bmp,seal_breach_0-12_20190906_010459.png,[0 1]
seal_breach_0-12_20190906_010503.bmp,seal_breach_0\seal_breach_0-12_20190906_010503.bmp,seal_breach_0-12_20190906_010503.png,[0 1]
seal_breach_0-12_20190906_010531.bmp,seal_breach_0\seal_breach_0-12_20190906_010531.bmp,seal_breach_0-12_20190906_010531.png,[0 1]
seal_breach_0-12_20190906_010540.bmp,seal_breach_0\seal_breach_0-12_20190906_010540.bmp,seal_breach_0-12_20190906_010540.png,[0 1]
seal_breach_0-12_20190906_010546.bmp,seal_breach_0\seal_breach_0-12_20190906_010546.bmp,seal_breach_0-12_20190906_010546.png,[0 1]
seal_breach_0-12_20190906_010556.bmp,seal_breach_0\seal_breach_0-12_20190906_010556.bmp,seal_breach_0-12_20190906_010556.png,[0 1]
seal_breach_0-12_20190906_010602.bmp,seal_breach_0\seal_breach_0-12_20190906_010602.bmp,seal_breach_0-12_20190906_010602.png,[0 1]
seal_breach_0-12_20190906_010616.bmp,seal_breach_0\seal_breach_0-12_20190906_010616.bmp,seal_breach_0-12_20190906_010616.png,[0 1]
seal_breach_0-12_20190906_010624.bmp,seal_breach_0\seal_breach_0-12_20190906_010624.bmp,seal_breach_0-12_20190906_010624.png,[0 1]
seal_breach_0-12_20190906_010640.bmp,seal_breach_0\seal_breach_0-12_20190906_010640.bmp,seal_breach_0-12_20190906_010640.png,[0 1]
seal_breach_0-12_20190906_010655.bmp,seal_breach_0\seal_breach_0-12_20190906_010655.bmp,seal_breach_0-12_20190906_010655.png,[0 1]
seal_breach_0-12_20190906_010702.bmp,seal_breach_0\seal_breach_0-12_20190906_010702.bmp,seal_breach_0-12_20190906_010702.png,[0 1]
seal_breach_0-12_20190906_010707.bmp,seal_breach_0\seal_breach_0-12_20190906_010707.bmp,seal_breach_0-12_20190906_010707.png,[0 1]
seal_breach_0-12_20190906_010714.bmp,seal_breach_0\seal_breach_0-12_20190906_010714.bmp,seal_breach_0-12_20190906_010714.png,[0 1]
seal_breach_0-12_20190906_010729.bmp,seal_breach_0\seal_breach_0-12_20190906_010729.bmp,seal_breach_0-12_20190906_010729.png,[0 1]
seal_breach_0-12_20190906_010758.bmp,seal_breach_0\seal_breach_0-12_20190906_010758.bmp,seal_breach_0-12_20190906_010758.png,[0 1]
seal_breach_0-12_20190906_010834.bmp,seal_breach_0\seal_breach_0-12_20190906_010834.bmp,seal_breach_0-12_20190906_010834.png,[0 1]
seal_breach_0-12_20190906_010843.bmp,seal_breach_0\seal_breach_0-12_20190906_010843.bmp,seal_breach_0-12_20190906_010843.png,[0 1]
seal_breach_0-12_20190906_010851.bmp,seal_breach_0\seal_breach_0-12_20190906_010851.bmp,seal_breach_0-12_20190906_010851.png,[0 1]
seal_breach_0-12_20190906_010855.bmp,seal_breach_0\seal_breach_0-12_20190906_010855.bmp,seal_breach_0-12_20190906_010855.png,[0 1]
seal_breach_0-12_20190906_010904.bmp,seal_breach_0\seal_breach_0-12_20190906_010904.bmp,seal_breach_0-12_20190906_010904.png,[0 1]
seal_breach_0-12_20190906_010908.bmp,seal_breach_0\seal_breach_0-12_20190906_010908.bmp,seal_breach_0-12_20190906_010908.png,[0 1]
seal_breach_0-12_20190906_011211.bmp,seal_breach_0\seal_breach_0-12_20190906_011211.bmp,seal_breach_0-12_20190906_011211.png,[0 1]
seal_breach_0-12_20190906_011214.bmp,seal_breach_0\seal_breach_0-12_20190906_011214.bmp,seal_breach_0-12_20190906_011214.png,[0 1]
seal_breach_0-12_20190906_011221.bmp,seal_breach_0\seal_breach_0-12_20190906_011221.bmp,seal_breach_0-12_20190906_011221.png,[0 1]
seal_breach_0-12_20190906_011223.bmp,seal_breach_0\seal_breach_0-12_20190906_011223.bmp,seal_breach_0-12_20190906_011223.png,[0 1]
seal_breach_0-12_20190906_011241.bmp,seal_breach_0\seal_breach_0-12_20190906_011241.bmp,seal_breach_0-12_20190906_011241.png,[0 1]
seal_breach_0-12_20190906_011251.bmp,seal_breach_0\seal_breach_0-12_20190906_011251.bmp,seal_breach_0-12_20190906_011251.png,[0 1]
seal_breach_0-12_20190906_011256.bmp,seal_breach_0\seal_breach_0-12_20190906_011256.bmp,seal_breach_0-12_20190906_011256.png,[0 1]
seal_breach_0-12_20190906_011304.bmp,seal_breach_0\seal_breach_0-12_20190906_011304.bmp,seal_breach_0-12_20190906_011304.png,[0 1]
seal_breach_0-12_20190906_011307.bmp,seal_breach_0\seal_breach_0-12_20190906_011307.bmp,seal_breach_0-12_20190906_011307.png,[0 1]
seal_breach_0-12_20190906_011313.bmp,seal_breach_0\seal_breach_0-12_20190906_011313.bmp,seal_breach_0-12_20190906_011313.png,[0 1]
seal_breach_0-12_20190906_011316.bmp,seal_breach_0\seal_breach_0-12_20190906_011316.bmp,seal_breach_0-12_20190906_011316.png,[0 1]
seal_breach_0-12_20190906_011325.bmp,seal_breach_0\seal_breach_0-12_20190906_011325.bmp,seal_breach_0-12_20190906_011325.png,[0 1]
seal_breach_0-12_20190906_011330.bmp,seal_breach_0\seal_breach_0-12_20190906_011330.bmp,seal_breach_0-12_20190906_011330.png,[0 1]
seal_breach_0-12_20190906_011335.bmp,seal_breach_0\seal_breach_0-12_20190906_011335.bmp,seal_breach_0-12_20190906_011335.png,[0 1]
seal_breach_0-12_20190906_011346.bmp,seal_breach_0\seal_breach_0-12_20190906_011346.bmp,seal_breach_0-12_20190906_011346.png,[0 1]
seal_breach_0-12_20190906_011355.bmp,seal_breach_0\seal_breach_0-12_20190906_011355.bmp,seal_breach_0-12_20190906_011355.png,[0 1]
seal_breach_0-12_20190906_011400.bmp,seal_breach_0\seal_breach_0-12_20190906_011400.bmp,seal_breach_0-12_20190906_011400.png,[0 1]
seal_breach_0-12_20190906_011404.bmp,seal_breach_0\seal_breach_0-12_20190906_011404.bmp,seal_breach_0-12_20190906_011404.png,[0 1]
seal_breach_0-12_20190906_011410.bmp,seal_breach_0\seal_breach_0-12_20190906_011410.bmp,seal_breach_0-12_20190906_011410.png,[0 1]
seal_breach_0-12_20190906_011414.bmp,seal_breach_0\seal_breach_0-12_20190906_011414.bmp,seal_breach_0-12_20190906_011414.png,[0 1]
seal_breach_0-12_20190906_011444.bmp,seal_breach_0\seal_breach_0-12_20190906_011444.bmp,seal_breach_0-12_20190906_011444.png,[0 1]
seal_breach_0-12_20190906_011449.bmp,seal_breach_0\seal_breach_0-12_20190906_011449.bmp,seal_breach_0-12_20190906_011449.png,[0 1]
seal_breach_0-12_20190906_011456.bmp,seal_breach_0\seal_breach_0-12_20190906_011456.bmp,seal_breach_0-12_20190906_011456.png,[0 1]
seal_breach_0-12_20190906_011500.bmp,seal_breach_0\seal_breach_0-12_20190906_011500.bmp,seal_breach_0-12_20190906_011500.png,[0 1]
seal_breach_0-12_20190906_011510.bmp,seal_breach_0\seal_breach_0-12_20190906_011510.bmp,seal_breach_0-12_20190906_011510.png,[0 1]
seal_breach_0-12_20190906_011518.bmp,seal_breach_0\seal_breach_0-12_20190906_011518.bmp,seal_breach_0-12_20190906_011518.png,[0 1]
seal_breach_0-12_20190906_011523.bmp,seal_breach_0\seal_breach_0-12_20190906_011523.bmp,seal_breach_0-12_20190906_011523.png,[0 1]
seal_breach_0-12_20190906_011530.bmp,seal_breach_0\seal_breach_0-12_20190906_011530.bmp,seal_breach_0-12_20190906_011530.png,[0 1]
seal_breach_0-12_20190906_011535.bmp,seal_breach_0\seal_breach_0-12_20190906_011535.bmp,seal_breach_0-12_20190906_011535.png,[0 1]
seal_breach_0-12_20190906_011542.bmp,seal_breach_0\seal_breach_0-12_20190906_011542.bmp,seal_breach_0-12_20190906_011542.png,[0 1]
seal_breach_0-12_20190906_011557.bmp,seal_breach_0\seal_breach_0-12_20190906_011557.bmp,seal_breach_0-12_20190906_011557.png,[0 1]
seal_breach_0-12_20190906_011603.bmp,seal_breach_0\seal_breach_0-12_20190906_011603.bmp,seal_breach_0-12_20190906_011603.png,[0 1]
seal_breach_0-12_20190906_011608.bmp,seal_breach_0\seal_breach_0-12_20190906_011608.bmp,seal_breach_0-12_20190906_011608.png,[0 1]
seal_breach_0-12_20190906_011625.bmp,seal_breach_0\seal_breach_0-12_20190906_011625.bmp,seal_breach_0-12_20190906_011625.png,[0 1]
seal_breach_0-12_20190906_011629.bmp,seal_breach_0\seal_breach_0-12_20190906_011629.bmp,seal_breach_0-12_20190906_011629.png,[0 1]
seal_breach_0-12_20190906_011737.bmp,seal_breach_0\seal_breach_0-12_20190906_011737.bmp,seal_breach_0-12_20190906_011737.png,[0 1]
seal_breach_0-12_20190906_011740.bmp,seal_breach_0\seal_breach_0-12_20190906_011740.bmp,seal_breach_0-12_20190906_011740.png,[0 1]
seal_breach_0-12_20190906_011746.bmp,seal_breach_0\seal_breach_0-12_20190906_011746.bmp,seal_breach_0-12_20190906_011746.png,[0 1]
seal_breach_0-12_20190906_011749.bmp,seal_breach_0\seal_breach_0-12_20190906_011749.bmp,seal_breach_0-12_20190906_011749.png,[0 1]
seal_breach_0-12_20190906_011755.bmp,seal_breach_0\seal_breach_0-12_20190906_011755.bmp,seal_breach_0-12_20190906_011755.png,[0 1]
seal_breach_0-12_20190906_011757.bmp,seal_breach_0\seal_breach_0-12_20190906_011757.bmp,seal_breach_0-12_20190906_011757.png,[0 1]
seal_breach_0-12_20190906_011804.bmp,seal_breach_0\seal_breach_0-12_20190906_011804.bmp,seal_breach_0-12_20190906_011804.png,[0 1]
seal_breach_0-12_20190906_011807.bmp,seal_breach_0\seal_breach_0-12_20190906_011807.bmp,seal_breach_0-12_20190906_011807.png,[0 1]
seal_breach_0-12_20190906_011815.bmp,seal_breach_0\seal_breach_0-12_20190906_011815.bmp,seal_breach_0-12_20190906_011815.png,[0 1]
seal_breach_0-12_20190906_011848.bmp,seal_breach_0\seal_breach_0-12_20190906_011848.bmp,seal_breach_0-12_20190906_011848.png,[0 1]
seal_breach_0-12_20190906_011854.bmp,seal_breach_0\seal_breach_0-12_20190906_011854.bmp,seal_breach_0-12_20190906_011854.png,[0 1]
seal_breach_0-12_20190906_011901.bmp,seal_breach_0\seal_breach_0-12_20190906_011901.bmp,seal_breach_0-12_20190906_011901.png,[0 1]
seal_breach_0-12_20190906_011929.bmp,seal_breach_0\seal_breach_0-12_20190906_011929.bmp,seal_breach_0-12_20190906_011929.png,[0 1]
seal_breach_0-12_20190906_011936.bmp,seal_breach_0\seal_breach_0-12_20190906_011936.bmp,seal_breach_0-12_20190906_011936.png,[0 1]
seal_breach_0-12_20190906_011940.bmp,seal_breach_0\seal_breach_0-12_20190906_011940.bmp,seal_breach_0-12_20190906_011940.png,[0 1]
seal_breach_0-12_20190906_011946.bmp,seal_breach_0\seal_breach_0-12_20190906_011946.bmp,seal_breach_0-12_20190906_011946.png,[0 1]
seal_breach_0-12_20190906_011950.bmp,seal_breach_0\seal_breach_0-12_20190906_011950.bmp,seal_breach_0-12_20190906_011950.png,[0 1]
seal_breach_0-12_20190906_012000.bmp,seal_breach_0\seal_breach_0-12_20190906_012000.bmp,seal_breach_0-12_20190906_012000.png,[0 1]
seal_breach_0-12_20190906_012007.bmp,seal_breach_0\seal_breach_0-12_20190906_012007.bmp,seal_breach_0-12_20190906_012007.png,[0 1]
seal_breach_0-12_20190906_012019.bmp,seal_breach_0\seal_breach_0-12_20190906_012019.bmp,seal_breach_0-12_20190906_012019.png,[0 1]
seal_breach_0-12_20190906_012028.bmp,seal_breach_0\seal_breach_0-12_20190906_012028.bmp,seal_breach_0-12_20190906_012028.png,[0 1]
seal_breach_0-12_20190906_012032.bmp,seal_breach_0\seal_breach_0-12_20190906_012032.bmp,seal_breach_0-12_20190906_012032.png,[0 1]
seal_breach_0-12_20190906_012254.bmp,seal_breach_0\seal_breach_0-12_20190906_012254.bmp,seal_breach_0-12_20190906_012254.png,[0 1]
seal_breach_0-12_20190906_012309.bmp,seal_breach_0\seal_breach_0-12_20190906_012309.bmp,seal_breach_0-12_20190906_012309.png,[0 1]
seal_breach_0-12_20190906_012318.bmp,seal_breach_0\seal_breach_0-12_20190906_012318.bmp,seal_breach_0-12_20190906_012318.png,[0 1]
seal_breach_0-12_20190906_012321.bmp,seal_breach_0\seal_breach_0-12_20190906_012321.bmp,seal_breach_0-12_20190906_012321.png,[0 1]
seal_breach_0-12_20190906_012419.bmp,seal_breach_0\seal_breach_0-12_20190906_012419.bmp,seal_breach_0-12_20190906_012419.png,[0 1]
seal_breach_0-12_20190906_012445.bmp,seal_breach_0\seal_breach_0-12_20190906_012445.bmp,seal_breach_0-12_20190906_012445.png,[0 1]
seal_breach_0-12_20190906_012450.bmp,seal_breach_0\seal_breach_0-12_20190906_012450.bmp,seal_breach_0-12_20190906_012450.png,[0 1]
seal_breach_0-12_20190906_012458.bmp,seal_breach_0\seal_breach_0-12_20190906_012458.bmp,seal_breach_0-12_20190906_012458.png,[0 1]
seal_breach_0-12_20190906_012502.bmp,seal_breach_0\seal_breach_0-12_20190906_012502.bmp,seal_breach_0-12_20190906_012502.png,[0 1]
seal_breach_0-12_20190906_012510.bmp,seal_breach_0\seal_breach_0-12_20190906_012510.bmp,seal_breach_0-12_20190906_012510.png,[0 1]
seal_breach_0-12_20190906_012515.bmp,seal_breach_0\seal_breach_0-12_20190906_012515.bmp,seal_breach_0-12_20190906_012515.png,[0 1]
seal_breach_0-12_20190906_012522.bmp,seal_breach_0\seal_breach_0-12_20190906_012522.bmp,seal_breach_0-12_20190906_012522.png,[0 1]
seal_breach_0-12_20190906_012528.bmp,seal_breach_0\seal_breach_0-12_20190906_012528.bmp,seal_breach_0-12_20190906_012528.png,[0 1]
seal_breach_0-12_20190906_012540.bmp,seal_breach_0\seal_breach_0-12_20190906_012540.bmp,seal_breach_0-12_20190906_012540.png,[0 1]
seal_breach_0-12_20190906_012547.bmp,seal_breach_0\seal_breach_0-12_20190906_012547.bmp,seal_breach_0-12_20190906_012547.png,[0 1]
seal_breach_0-12_20190906_012551.bmp,seal_breach_0\seal_breach_0-12_20190906_012551.bmp,seal_breach_0-12_20190906_012551.png,[0 1]
seal_breach_0-12_20190906_012600.bmp,seal_breach_0\seal_breach_0-12_20190906_012600.bmp,seal_breach_0-12_20190906_012600.png,[0 1]
seal_breach_0-12_20190906_012932.bmp,seal_breach_0\seal_breach_0-12_20190906_012932.bmp,seal_breach_0-12_20190906_012932.png,[0 1]
seal_breach_0-12_20190906_012947.bmp,seal_breach_0\seal_breach_0-12_20190906_012947.bmp,seal_breach_0-12_20190906_012947.png,[0 1]
seal_breach_0-12_20190906_012955.bmp,seal_breach_0\seal_breach_0-12_20190906_012955.bmp,seal_breach_0-12_20190906_012955.png,[0 1]
seal_breach_0-12_20190906_013031.bmp,seal_breach_0\seal_breach_0-12_20190906_013031.bmp,seal_breach_0-12_20190906_013031.png,[0 1]
seal_breach_0-12_20190906_013050.bmp,seal_breach_0\seal_breach_0-12_20190906_013050.bmp,seal_breach_0-12_20190906_013050.png,[0 1]
seal_breach_0-12_20190906_013053.bmp,seal_breach_0\seal_breach_0-12_20190906_013053.bmp,seal_breach_0-12_20190906_013053.png,[0 1]
seal_breach_0-12_20190906_013100.bmp,seal_breach_0\seal_breach_0-12_20190906_013100.bmp,seal_breach_0-12_20190906_013100.png,[0 1]
seal_breach_0-12_20190906_013115.bmp,seal_breach_0\seal_breach_0-12_20190906_013115.bmp,seal_breach_0-12_20190906_013115.png,[0 1]
seal_breach_0-12_20190906_013122.bmp,seal_breach_0\seal_breach_0-12_20190906_013122.bmp,seal_breach_0-12_20190906_013122.png,[0 1]
seal_breach_0-12_20190906_013125.bmp,seal_breach_0\seal_breach_0-12_20190906_013125.bmp,seal_breach_0-12_20190906_013125.png,[0 1]
seal_breach_0-12_20190906_013134.bmp,seal_breach_0\seal_breach_0-12_20190906_013134.bmp,seal_breach_0-12_20190906_013134.png,[0 1]
seal_breach_0-12_20190906_013145.bmp,seal_breach_0\seal_breach_0-12_20190906_013145.bmp,seal_breach_0-12_20190906_013145.png,[0 1]
seal_breach_0-12_20190906_013153.bmp,seal_breach_0\seal_breach_0-12_20190906_013153.bmp,seal_breach_0-12_20190906_013153.png,[0 1]
seal_breach_0-12_20190906_013203.bmp,seal_breach_0\seal_breach_0-12_20190906_013203.bmp,seal_breach_0-12_20190906_013203.png,[0 1]
seal_breach_0-12_20190906_013206.bmp,seal_breach_0\seal_breach_0-12_20190906_013206.bmp,seal_breach_0-12_20190906_013206.png,[0 1]
seal_breach_0-12_20190906_013225.bmp,seal_breach_0\seal_breach_0-12_20190906_013225.bmp,seal_breach_0-12_20190906_013225.png,[0 1]
seal_breach_0-12_20190906_013238.bmp,seal_breach_0\seal_breach_0-12_20190906_013238.bmp,seal_breach_0-12_20190906_013238.png,[0 1]
seal_breach_0-12_20190906_013243.bmp,seal_breach_0\seal_breach_0-12_20190906_013243.bmp,seal_breach_0-12_20190906_013243.png,[0 1]
seal_breach_0-12_20190906_013259.bmp,seal_breach_0\seal_breach_0-12_20190906_013259.bmp,seal_breach_0-12_20190906_013259.png,[0 1]
seal_breach_0-12_20190906_013304.bmp,seal_breach_0\seal_breach_0-12_20190906_013304.bmp,seal_breach_0-12_20190906_013304.png,[0 1]
seal_breach_0-12_20190906_013326.bmp,seal_breach_0\seal_breach_0-12_20190906_013326.bmp,seal_breach_0-12_20190906_013326.png,[0 1]
seal_breach_0-12_20190906_013335.bmp,seal_breach_0\seal_breach_0-12_20190906_013335.bmp,seal_breach_0-12_20190906_013335.png,[0 1]
seal_breach_0-12_20190906_013347.bmp,seal_breach_0\seal_breach_0-12_20190906_013347.bmp,seal_breach_0-12_20190906_013347.png,[0 1]
seal_breach_0-12_20190906_013350.bmp,seal_breach_0\seal_breach_0-12_20190906_013350.bmp,seal_breach_0-12_20190906_013350.png,[0 1]
seal_breach_0-12_20190906_013358.bmp,seal_breach_0\seal_breach_0-12_20190906_013358.bmp,seal_breach_0-12_20190906_013358.png,[0 1]
seal_breach_0-12_20190906_013402.bmp,seal_breach_0\seal_breach_0-12_20190906_013402.bmp,seal_breach_0-12_20190906_013402.png,[0 1]
seal_breach_0-12_20190906_013412.bmp,seal_breach_0\seal_breach_0-12_20190906_013412.bmp,seal_breach_0-12_20190906_013412.png,[0 1]
seal_breach_0-12_20190906_013423.bmp,seal_breach_0\seal_breach_0-12_20190906_013423.bmp,seal_breach_0-12_20190906_013423.png,[0 1]
seal_breach_0-12_20190906_013431.bmp,seal_breach_0\seal_breach_0-12_20190906_013431.bmp,seal_breach_0-12_20190906_013431.png,[0 1]
seal_breach_0-12_20190906_013437.bmp,seal_breach_0\seal_breach_0-12_20190906_013437.bmp,seal_breach_0-12_20190906_013437.png,[0 1]
seal_breach_0-12_20190906_013812.bmp,seal_breach_0\seal_breach_0-12_20190906_013812.bmp,seal_breach_0-12_20190906_013812.png,[0 1]
seal_breach_0-12_20190906_013846.bmp,seal_breach_0\seal_breach_0-12_20190906_013846.bmp,seal_breach_0-12_20190906_013846.png,[0 1]
seal_breach_0-12_20190906_013851.bmp,seal_breach_0\seal_breach_0-12_20190906_013851.bmp,seal_breach_0-12_20190906_013851.png,[0 1]
seal_breach_0-12_20190906_013855.bmp,seal_breach_0\seal_breach_0-12_20190906_013855.bmp,seal_breach_0-12_20190906_013855.png,[0 1]
seal_breach_0-12_20190906_013901.bmp,seal_breach_0\seal_breach_0-12_20190906_013901.bmp,seal_breach_0-12_20190906_013901.png,[0 1]
seal_breach_0-12_20190906_013909.bmp,seal_breach_0\seal_breach_0-12_20190906_013909.bmp,seal_breach_0-12_20190906_013909.png,[0 1]
seal_breach_0-12_20190906_013917.bmp,seal_breach_0\seal_breach_0-12_20190906_013917.bmp,seal_breach_0-12_20190906_013917.png,[0 1]
seal_breach_0-12_20190906_013922.bmp,seal_breach_0\seal_breach_0-12_20190906_013922.bmp,seal_breach_0-12_20190906_013922.png,[0 1]
seal_breach_0-12_20190906_013929.bmp,seal_breach_0\seal_breach_0-12_20190906_013929.bmp,seal_breach_0-12_20190906_013929.png,[0 1]
seal_breach_0-12_20190906_013934.bmp,seal_breach_0\seal_breach_0-12_20190906_013934.bmp,seal_breach_0-12_20190906_013934.png,[0 1]
seal_breach_0-12_20190906_013940.bmp,seal_breach_0\seal_breach_0-12_20190906_013940.bmp,seal_breach_0-12_20190906_013940.png,[0 1]
seal_breach_0-12_20190906_013944.bmp,seal_breach_0\seal_breach_0-12_20190906_013944.bmp,seal_breach_0-12_20190906_013944.png,[0 1]
seal_breach_0-12_20190906_013954.bmp,seal_breach_0\seal_breach_0-12_20190906_013954.bmp,seal_breach_0-12_20190906_013954.png,[0 1]
seal_breach_0-12_20190906_014001.bmp,seal_breach_0\seal_breach_0-12_20190906_014001.bmp,seal_breach_0-12_20190906_014001.png,[0 1]
seal_breach_0-12_20190906_014004.bmp,seal_breach_0\seal_breach_0-12_20190906_014004.bmp,seal_breach_0-12_20190906_014004.png,[0 1]
seal_breach_0-12_20190906_014011.bmp,seal_breach_0\seal_breach_0-12_20190906_014011.bmp,seal_breach_0-12_20190906_014011.png,[0 1]
seal_breach_0-12_20190906_014016.bmp,seal_breach_0\seal_breach_0-12_20190906_014016.bmp,seal_breach_0-12_20190906_014016.png,[0 1]
seal_breach_0-12_20190906_014023.bmp,seal_breach_0\seal_breach_0-12_20190906_014023.bmp,seal_breach_0-12_20190906_014023.png,[0 1]
seal_breach_0-12_20190906_014027.bmp,seal_breach_0\seal_breach_0-12_20190906_014027.bmp,seal_breach_0-12_20190906_014027.png,[0 1]
seal_breach_0-12_20190906_014055.bmp,seal_breach_0\seal_breach_0-12_20190906_014055.bmp,seal_breach_0-12_20190906_014055.png,[0 1]
seal_breach_0-12_20190906_014102.bmp,seal_breach_0\seal_breach_0-12_20190906_014102.bmp,seal_breach_0-12_20190906_014102.png,[0 1]
seal_breach_0-12_20190906_014117.bmp,seal_breach_0\seal_breach_0-12_20190906_014117.bmp,seal_breach_0-12_20190906_014117.png,[0 1]
seal_breach_0-12_20190906_014125.bmp,seal_breach_0\seal_breach_0-12_20190906_014125.bmp,seal_breach_0-12_20190906_014125.png,[0 1]
seal_breach_0-12_20190906_014141.bmp,seal_breach_0\seal_breach_0-12_20190906_014141.bmp,seal_breach_0-12_20190906_014141.png,[0 1]
seal_breach_0-12_20190906_014148.bmp,seal_breach_0\seal_breach_0-12_20190906_014148.bmp,seal_breach_0-12_20190906_014148.png,[0 1]
seal_breach_0-12_20190906_014152.bmp,seal_breach_0\seal_breach_0-12_20190906_014152.bmp,seal_breach_0-12_20190906_014152.png,[0 1]
seal_breach_0-12_20190906_014157.bmp,seal_breach_0\seal_breach_0-12_20190906_014157.bmp,seal_breach_0-12_20190906_014157.png,[0 1]
seal_breach_0-12_20190906_014220.bmp,seal_breach_0\seal_breach_0-12_20190906_014220.bmp,seal_breach_0-12_20190906_014220.png,[0 1]
seal_breach_0-12_20190906_014227.bmp,seal_breach_0\seal_breach_0-12_20190906_014227.bmp,seal_breach_0-12_20190906_014227.png,[0 1]
seal_breach_0-12_20190906_014253.bmp,seal_breach_0\seal_breach_0-12_20190906_014253.bmp,seal_breach_0-12_20190906_014253.png,[0 1]
seal_breach_0-12_20190906_014306.bmp,seal_breach_0\seal_breach_0-12_20190906_014306.bmp,seal_breach_0-12_20190906_014306.png,[0 1]
seal_breach_0-12_20190906_014311.bmp,seal_breach_0\seal_breach_0-12_20190906_014311.bmp,seal_breach_0-12_20190906_014311.png,[0 1]
seal_breach_0-12_20190906_014323.bmp,seal_breach_0\seal_breach_0-12_20190906_014323.bmp,seal_breach_0-12_20190906_014323.png,[0 1]
seal_breach_0-12_20190906_014330.bmp,seal_breach_0\seal_breach_0-12_20190906_014330.bmp,seal_breach_0-12_20190906_014330.png,[0 1]
seal_breach_0-12_20190906_014334.bmp,seal_breach_0\seal_breach_0-12_20190906_014334.bmp,seal_breach_0-12_20190906_014334.png,[0 1]
seal_breach_0-12_20190906_014346.bmp,seal_breach_0\seal_breach_0-12_20190906_014346.bmp,seal_breach_0-12_20190906_014346.png,[0 1]
seal_breach_0-12_20190906_014356.bmp,seal_breach_0\seal_breach_0-12_20190906_014356.bmp,seal_breach_0-12_20190906_014356.png,[0 1]
seal_breach_0-12_20190906_014400.bmp,seal_breach_0\seal_breach_0-12_20190906_014400.bmp,seal_breach_0-12_20190906_014400.png,[0 1]
seal_breach_0-12_20190906_014407.bmp,seal_breach_0\seal_breach_0-12_20190906_014407.bmp,seal_breach_0-12_20190906_014407.png,[0 1]
seal_breach_0-12_20190906_014419.bmp,seal_breach_0\seal_breach_0-12_20190906_014419.bmp,seal_breach_0-12_20190906_014419.png,[0 1]
seal_breach_0-12_20190906_014422.bmp,seal_breach_0\seal_breach_0-12_20190906_014422.bmp,seal_breach_0-12_20190906_014422.png,[0 1]
seal_breach_0-12_20190906_014429.bmp,seal_breach_0\seal_breach_0-12_20190906_014429.bmp,seal_breach_0-12_20190906_014429.png,[0 1]
seal_breach_0-12_20190906_014434.bmp,seal_breach_0\seal_breach_0-12_20190906_014434.bmp,seal_breach_0-12_20190906_014434.png,[0 1]
seal_breach_0-12_20190906_014441.bmp,seal_breach_0\seal_breach_0-12_20190906_014441.bmp,seal_breach_0-12_20190906_014441.png,[0 1]
seal_breach_0-12_20190906_014450.bmp,seal_breach_0\seal_breach_0-12_20190906_014450.bmp,seal_breach_0-12_20190906_014450.png,[0 1]
seal_breach_0-12_20190906_014525.bmp,seal_breach_0\seal_breach_0-12_20190906_014525.bmp,seal_breach_0-12_20190906_014525.png,[0 1]
seal_breach_0-12_20190906_014535.bmp,seal_breach_0\seal_breach_0-12_20190906_014535.bmp,seal_breach_0-12_20190906_014535.png,[0 1]
seal_breach_0-12_20190906_014538.bmp,seal_breach_0\seal_breach_0-12_20190906_014538.bmp,seal_breach_0-12_20190906_014538.png,[0 1]
seal_breach_0-12_20190906_014545.bmp,seal_breach_0\seal_breach_0-12_20190906_014545.bmp,seal_breach_0-12_20190906_014545.png,[0 1]
seal_breach_0-12_20190906_014549.bmp,seal_breach_0\seal_breach_0-12_20190906_014549.bmp,seal_breach_0-12_20190906_014549.png,[0 1]
seal_breach_0-12_20190906_014608.bmp,seal_breach_0\seal_breach_0-12_20190906_014608.bmp,seal_breach_0-12_20190906_014608.png,[0 1]
seal_breach_0-12_20190906_014719.bmp,seal_breach_0\seal_breach_0-12_20190906_014719.bmp,seal_breach_0-12_20190906_014719.png,[0 1]
seal_breach_0-12_20190906_014723.bmp,seal_breach_0\seal_breach_0-12_20190906_014723.bmp,seal_breach_0-12_20190906_014723.png,[0 1]
seal_breach_0-12_20190906_014739.bmp,seal_breach_0\seal_breach_0-12_20190906_014739.bmp,seal_breach_0-12_20190906_014739.png,[0 1]
seal_breach_0-12_20190906_014805.bmp,seal_breach_0\seal_breach_0-12_20190906_014805.bmp,seal_breach_0-12_20190906_014805.png,[0 1]
seal_breach_0-12_20190906_014816.bmp,seal_breach_0\seal_breach_0-12_20190906_014816.bmp,seal_breach_0-12_20190906_014816.png,[0 1]
seal_breach_0-12_20190906_014820.bmp,seal_breach_0\seal_breach_0-12_20190906_014820.bmp,seal_breach_0-12_20190906_014820.png,[0 1]
seal_breach_0-12_20190906_014830.bmp,seal_breach_0\seal_breach_0-12_20190906_014830.bmp,seal_breach_0-12_20190906_014830.png,[0 1]
seal_breach_0-12_20190906_014837.bmp,seal_breach_0\seal_breach_0-12_20190906_014837.bmp,seal_breach_0-12_20190906_014837.png,[0 1]
seal_breach_0-12_20190906_014841.bmp,seal_breach_0\seal_breach_0-12_20190906_014841.bmp,seal_breach_0-12_20190906_014841.png,[0 1]
seal_breach_0-12_20190906_014847.bmp,seal_breach_0\seal_breach_0-12_20190906_014847.bmp,seal_breach_0-12_20190906_014847.png,[0 1]
seal_breach_0-12_20190906_014852.bmp,seal_breach_0\seal_breach_0-12_20190906_014852.bmp,seal_breach_0-12_20190906_014852.png,[0 1]
seal_breach_0-12_20190906_014858.bmp,seal_breach_0\seal_breach_0-12_20190906_014858.bmp,seal_breach_0-12_20190906_014858.png,[0 1]
seal_breach_0-12_20190906_014901.bmp,seal_breach_0\seal_breach_0-12_20190906_014901.bmp,seal_breach_0-12_20190906_014901.png,[0 1]
seal_breach_0-12_20190906_014907.bmp,seal_breach_0\seal_breach_0-12_20190906_014907.bmp,seal_breach_0-12_20190906_014907.png,[0 1]
seal_breach_0-12_20190906_014914.bmp,seal_breach_0\seal_breach_0-12_20190906_014914.bmp,seal_breach_0-12_20190906_014914.png,[0 1]
seal_breach_0-12_20190906_125838.bmp,seal_breach_0\seal_breach_0-12_20190906_125838.bmp,seal_breach_0-12_20190906_125838.png,[0 1]
seal_breach_0-12_20190906_125849.bmp,seal_breach_0\seal_breach_0-12_20190906_125849.bmp,seal_breach_0-12_20190906_125849.png,[0 1]
seal_breach_0-12_20190906_125856.bmp,seal_breach_0\seal_breach_0-12_20190906_125856.bmp,seal_breach_0-12_20190906_125856.png,[0 1]
seal_breach_0-12_20190906_125909.bmp,seal_breach_0\seal_breach_0-12_20190906_125909.bmp,seal_breach_0-12_20190906_125909.png,[0 1]
seal_breach_0-12_20190906_125913.bmp,seal_breach_0\seal_breach_0-12_20190906_125913.bmp,seal_breach_0-12_20190906_125913.png,[0 1]
seal_breach_0-12_20190906_125919.bmp,seal_breach_0\seal_breach_0-12_20190906_125919.bmp,seal_breach_0-12_20190906_125919.png,[0 1]
seal_breach_0-12_20190906_125929.bmp,seal_breach_0\seal_breach_0-12_20190906_125929.bmp,seal_breach_0-12_20190906_125929.png,[0 1]
seal_breach_0-12_20190906_125933.bmp,seal_breach_0\seal_breach_0-12_20190906_125933.bmp,seal_breach_0-12_20190906_125933.png,[0 1]
seal_breach_0-12_20190906_125946.bmp,seal_breach_0\seal_breach_0-12_20190906_125946.bmp,seal_breach_0-12_20190906_125946.png,[0 1]
seal_breach_0-12_20190906_125953.bmp,seal_breach_0\seal_breach_0-12_20190906_125953.bmp,seal_breach_0-12_20190906_125953.png,[0 1]
seal_breach_0-23_20190906_010020.bmp,seal_breach_0\seal_breach_0-23_20190906_010020.bmp,seal_breach_0-23_20190906_010020.png,[0 1]
seal_breach_0-23_20190906_010024.bmp,seal_breach_0\seal_breach_0-23_20190906_010024.bmp,seal_breach_0-23_20190906_010024.png,[0 1]
seal_breach_0-23_20190906_010041.bmp,seal_breach_0\seal_breach_0-23_20190906_010041.bmp,seal_breach_0-23_20190906_010041.png,[0 1]
seal_breach_0-23_20190906_010046.bmp,seal_breach_0\seal_breach_0-23_20190906_010046.bmp,seal_breach_0-23_20190906_010046.png,[0 1]
seal_breach_0-23_20190906_010053.bmp,seal_breach_0\seal_breach_0-23_20190906_010053.bmp,seal_breach_0-23_20190906_010053.png,[0 1]
seal_breach_0-23_20190906_010059.bmp,seal_breach_0\seal_breach_0-23_20190906_010059.bmp,seal_breach_0-23_20190906_010059.png,[0 1]
seal_breach_0-23_20190906_010106.bmp,seal_breach_0\seal_breach_0-23_20190906_010106.bmp,seal_breach_0-23_20190906_010106.png,[0 1]
seal_breach_0-23_20190906_010111.bmp,seal_breach_0\seal_breach_0-23_20190906_010111.bmp,seal_breach_0-23_20190906_010111.png,[0 1]
seal_breach_0-23_20190906_010117.bmp,seal_breach_0\seal_breach_0-23_20190906_010117.bmp,seal_breach_0-23_20190906_010117.png,[0 1]
seal_breach_0-23_20190906_010121.bmp,seal_breach_0\seal_breach_0-23_20190906_010121.bmp,seal_breach_0-23_20190906_010121.png,[0 1]
seal_breach_0-23_20190906_010127.bmp,seal_breach_0\seal_breach_0-23_20190906_010127.bmp,seal_breach_0-23_20190906_010127.png,[0 1]
seal_breach_0-23_20190906_010132.bmp,seal_breach_0\seal_breach_0-23_20190906_010132.bmp,seal_breach_0-23_20190906_010132.png,[0 1]
seal_breach_0-23_20190906_010202.bmp,seal_breach_0\seal_breach_0-23_20190906_010202.bmp,seal_breach_0-23_20190906_010202.png,[0 1]
seal_breach_0-23_20190906_010210.bmp,seal_breach_0\seal_breach_0-23_20190906_010210.bmp,seal_breach_0-23_20190906_010210.png,[0 1]
seal_breach_0-23_20190906_010257.bmp,seal_breach_0\seal_breach_0-23_20190906_010257.bmp,seal_breach_0-23_20190906_010257.png,[0 1]
seal_breach_0-23_20190906_010301.bmp,seal_breach_0\seal_breach_0-23_20190906_010301.bmp,seal_breach_0-23_20190906_010301.png,[0 1]
seal_breach_0-23_20190906_010311.bmp,seal_breach_0\seal_breach_0-23_20190906_010311.bmp,seal_breach_0-23_20190906_010311.png,[0 1]
seal_breach_0-23_20190906_010319.bmp,seal_breach_0\seal_breach_0-23_20190906_010319.bmp,seal_breach_0-23_20190906_010319.png,[0 1]
seal_breach_0-23_20190906_010323.bmp,seal_breach_0\seal_breach_0-23_20190906_010323.bmp,seal_breach_0-23_20190906_010323.png,[0 1]
seal_breach_0-23_20190906_010329.bmp,seal_breach_0\seal_breach_0-23_20190906_010329.bmp,seal_breach_0-23_20190906_010329.png,[0 1]
seal_breach_0-23_20190906_010334.bmp,seal_breach_0\seal_breach_0-23_20190906_010334.bmp,seal_breach_0-23_20190906_010334.png,[0 1]
seal_breach_0-23_20190906_010341.bmp,seal_breach_0\seal_breach_0-23_20190906_010341.bmp,seal_breach_0-23_20190906_010341.png,[0 1]
seal_breach_0-23_20190906_010346.bmp,seal_breach_0\seal_breach_0-23_20190906_010346.bmp,seal_breach_0-23_20190906_010346.png,[0 1]
seal_breach_0-23_20190906_010353.bmp,seal_breach_0\seal_breach_0-23_20190906_010353.bmp,seal_breach_0-23_20190906_010353.png,[0 1]
seal_breach_0-23_20190906_010359.bmp,seal_breach_0\seal_breach_0-23_20190906_010359.bmp,seal_breach_0-23_20190906_010359.png,[0 1]
seal_breach_0-23_20190906_010406.bmp,seal_breach_0\seal_breach_0-23_20190906_010406.bmp,seal_breach_0-23_20190906_010406.png,[0 1]
seal_breach_0-23_20190906_010411.bmp,seal_breach_0\seal_breach_0-23_20190906_010411.bmp,seal_breach_0-23_20190906_010411.png,[0 1]
seal_breach_0-23_20190906_010417.bmp,seal_breach_0\seal_breach_0-23_20190906_010417.bmp,seal_breach_0-23_20190906_010417.png,[0 1]
seal_breach_0-23_20190906_010421.bmp,seal_breach_0\seal_breach_0-23_20190906_010421.bmp,seal_breach_0-23_20190906_010421.png,[0 1]
seal_breach_0-23_20190906_010436.bmp,seal_breach_0\seal_breach_0-23_20190906_010436.bmp,seal_breach_0-23_20190906_010436.png,[0 1]
seal_breach_0-23_20190906_010440.bmp,seal_breach_0\seal_breach_0-23_20190906_010440.bmp,seal_breach_0-23_20190906_010440.png,[0 1]
seal_breach_0-23_20190906_010451.bmp,seal_breach_0\seal_breach_0-23_20190906_010451.bmp,seal_breach_0-23_20190906_010451.png,[0 1]
seal_breach_0-23_20190906_010459.bmp,seal_breach_0\seal_breach_0-23_20190906_010459.bmp,seal_breach_0-23_20190906_010459.png,[0 1]
seal_breach_0-23_20190906_010540.bmp,seal_breach_0\seal_breach_0-23_20190906_010540.bmp,seal_breach_0-23_20190906_010540.png,[0 1]
seal_breach_0-23_20190906_010546.bmp,seal_breach_0\seal_breach_0-23_20190906_010546.bmp,seal_breach_0-23_20190906_010546.png,[0 1]
seal_breach_0-23_20190906_010556.bmp,seal_breach_0\seal_breach_0-23_20190906_010556.bmp,seal_breach_0-23_20190906_010556.png,[0 1]
seal_breach_0-23_20190906_010602.bmp,seal_breach_0\seal_breach_0-23_20190906_010602.bmp,seal_breach_0-23_20190906_010602.png,[0 1]
seal_breach_0-23_20190906_010610.bmp,seal_breach_0\seal_breach_0-23_20190906_010610.bmp,seal_breach_0-23_20190906_010610.png,[0 1]
seal_breach_0-23_20190906_010616.bmp,seal_breach_0\seal_breach_0-23_20190906_010616.bmp,seal_breach_0-23_20190906_010616.png,[0 1]
seal_breach_0-23_20190906_010624.bmp,seal_breach_0\seal_breach_0-23_20190906_010624.bmp,seal_breach_0-23_20190906_010624.png,[0 1]
seal_breach_0-23_20190906_010628.bmp,seal_breach_0\seal_breach_0-23_20190906_010628.bmp,seal_breach_0-23_20190906_010628.png,[0 1]
seal_breach_0-23_20190906_010635.bmp,seal_breach_0\seal_breach_0-23_20190906_010635.bmp,seal_breach_0-23_20190906_010635.png,[0 1]
seal_breach_0-23_20190906_010650.bmp,seal_breach_0\seal_breach_0-23_20190906_010650.bmp,seal_breach_0-23_20190906_010650.png,[0 1]
seal_breach_0-23_20190906_010655.bmp,seal_breach_0\seal_breach_0-23_20190906_010655.bmp,seal_breach_0-23_20190906_010655.png,[0 1]
seal_breach_0-23_20190906_010702.bmp,seal_breach_0\seal_breach_0-23_20190906_010702.bmp,seal_breach_0-23_20190906_010702.png,[0 1]
seal_breach_0-23_20190906_010707.bmp,seal_breach_0\seal_breach_0-23_20190906_010707.bmp,seal_breach_0-23_20190906_010707.png,[0 1]
seal_breach_0-23_20190906_010714.bmp,seal_breach_0\seal_breach_0-23_20190906_010714.bmp,seal_breach_0-23_20190906_010714.png,[0 1]
seal_breach_0-23_20190906_010721.bmp,seal_breach_0\seal_breach_0-23_20190906_010721.bmp,seal_breach_0-23_20190906_010721.png,[0 1]
seal_breach_0-23_20190906_010733.bmp,seal_breach_0\seal_breach_0-23_20190906_010733.bmp,seal_breach_0-23_20190906_010733.png,[0 1]
seal_breach_0-23_20190906_010740.bmp,seal_breach_0\seal_breach_0-23_20190906_010740.bmp,seal_breach_0-23_20190906_010740.png,[0 1]
seal_breach_0-23_20190906_010754.bmp,seal_breach_0\seal_breach_0-23_20190906_010754.bmp,seal_breach_0-23_20190906_010754.png,[0 1]
seal_breach_0-23_20190906_010758.bmp,seal_breach_0\seal_breach_0-23_20190906_010758.bmp,seal_breach_0-23_20190906_010758.png,[0 1]
seal_breach_0-23_20190906_010834.bmp,seal_breach_0\seal_breach_0-23_20190906_010834.bmp,seal_breach_0-23_20190906_010834.png,[0 1]
seal_breach_0-23_20190906_010843.bmp,seal_breach_0\seal_breach_0-23_20190906_010843.bmp,seal_breach_0-23_20190906_010843.png,[0 1]
seal_breach_0-23_20190906_010851.bmp,seal_breach_0\seal_breach_0-23_20190906_010851.bmp,seal_breach_0-23_20190906_010851.png,[0 1]
seal_breach_0-23_20190906_010904.bmp,seal_breach_0\seal_breach_0-23_20190906_010904.bmp,seal_breach_0-23_20190906_010904.png,[0 1]
seal_breach_0-23_20190906_011211.bmp,seal_breach_0\seal_breach_0-23_20190906_011211.bmp,seal_breach_0-23_20190906_011211.png,[0 1]
seal_breach_0-23_20190906_011229.bmp,seal_breach_0\seal_breach_0-23_20190906_011229.bmp,seal_breach_0-23_20190906_011229.png,[0 1]
seal_breach_0-23_20190906_011232.bmp,seal_breach_0\seal_breach_0-23_20190906_011232.bmp,seal_breach_0-23_20190906_011232.png,[0 1]
seal_breach_0-23_20190906_011238.bmp,seal_breach_0\seal_breach_0-23_20190906_011238.bmp,seal_breach_0-23_20190906_011238.png,[0 1]
seal_breach_0-23_20190906_011251.bmp,seal_breach_0\seal_breach_0-23_20190906_011251.bmp,seal_breach_0-23_20190906_011251.png,[0 1]
seal_breach_0-23_20190906_011256.bmp,seal_breach_0\seal_breach_0-23_20190906_011256.bmp,seal_breach_0-23_20190906_011256.png,[0 1]
seal_breach_0-23_20190906_011304.bmp,seal_breach_0\seal_breach_0-23_20190906_011304.bmp,seal_breach_0-23_20190906_011304.png,[0 1]
seal_breach_0-23_20190906_011313.bmp,seal_breach_0\seal_breach_0-23_20190906_011313.bmp,seal_breach_0-23_20190906_011313.png,[0 1]
seal_breach_0-23_20190906_011316.bmp,seal_breach_0\seal_breach_0-23_20190906_011316.bmp,seal_breach_0-23_20190906_011316.png,[0 1]
seal_breach_0-23_20190906_011325.bmp,seal_breach_0\seal_breach_0-23_20190906_011325.bmp,seal_breach_0-23_20190906_011325.png,[0 1]
seal_breach_0-23_20190906_011330.bmp,seal_breach_0\seal_breach_0-23_20190906_011330.bmp,seal_breach_0-23_20190906_011330.png,[0 1]
seal_breach_0-23_20190906_011335.bmp,seal_breach_0\seal_breach_0-23_20190906_011335.bmp,seal_breach_0-23_20190906_011335.png,[0 1]
seal_breach_0-23_20190906_011346.bmp,seal_breach_0\seal_breach_0-23_20190906_011346.bmp,seal_breach_0-23_20190906_011346.png,[0 1]
seal_breach_0-23_20190906_011352.bmp,seal_breach_0\seal_breach_0-23_20190906_011352.bmp,seal_breach_0-23_20190906_011352.png,[0 1]
seal_breach_0-23_20190906_011355.bmp,seal_breach_0\seal_breach_0-23_20190906_011355.bmp,seal_breach_0-23_20190906_011355.png,[0 1]
seal_breach_0-23_20190906_011400.bmp,seal_breach_0\seal_breach_0-23_20190906_011400.bmp,seal_breach_0-23_20190906_011400.png,[0 1]
seal_breach_0-23_20190906_011403.bmp,seal_breach_0\seal_breach_0-23_20190906_011403.bmp,seal_breach_0-23_20190906_011403.png,[0 1]
seal_breach_0-23_20190906_011410.bmp,seal_breach_0\seal_breach_0-23_20190906_011410.bmp,seal_breach_0-23_20190906_011410.png,[0 1]
seal_breach_0-23_20190906_011444.bmp,seal_breach_0\seal_breach_0-23_20190906_011444.bmp,seal_breach_0-23_20190906_011444.png,[0 1]
seal_breach_0-23_20190906_011449.bmp,seal_breach_0\seal_breach_0-23_20190906_011449.bmp,seal_breach_0-23_20190906_011449.png,[0 1]
seal_breach_0-23_20190906_011456.bmp,seal_breach_0\seal_breach_0-23_20190906_011456.bmp,seal_breach_0-23_20190906_011456.png,[0 1]
seal_breach_0-23_20190906_011506.bmp,seal_breach_0\seal_breach_0-23_20190906_011506.bmp,seal_breach_0-23_20190906_011506.png,[0 1]
seal_breach_0-23_20190906_011510.bmp,seal_breach_0\seal_breach_0-23_20190906_011510.bmp,seal_breach_0-23_20190906_011510.png,[0 1]
seal_breach_0-23_20190906_011522.bmp,seal_breach_0\seal_breach_0-23_20190906_011522.bmp,seal_breach_0-23_20190906_011522.png,[0 1]
seal_breach_0-23_20190906_011523.bmp,seal_breach_0\seal_breach_0-23_20190906_011523.bmp,seal_breach_0-23_20190906_011523.png,[0 1]
seal_breach_0-23_20190906_011535.bmp,seal_breach_0\seal_breach_0-23_20190906_011535.bmp,seal_breach_0-23_20190906_011535.png,[0 1]
seal_breach_0-23_20190906_011542.bmp,seal_breach_0\seal_breach_0-23_20190906_011542.bmp,seal_breach_0-23_20190906_011542.png,[0 1]
seal_breach_0-23_20190906_011553.bmp,seal_breach_0\seal_breach_0-23_20190906_011553.bmp,seal_breach_0-23_20190906_011553.png,[0 1]
seal_breach_0-23_20190906_011556.bmp,seal_breach_0\seal_breach_0-23_20190906_011556.bmp,seal_breach_0-23_20190906_011556.png,[0 1]
seal_breach_0-23_20190906_011603.bmp,seal_breach_0\seal_breach_0-23_20190906_011603.bmp,seal_breach_0-23_20190906_011603.png,[0 1]
seal_breach_0-23_20190906_011608.bmp,seal_breach_0\seal_breach_0-23_20190906_011608.bmp,seal_breach_0-23_20190906_011608.png,[0 1]
seal_breach_0-23_20190906_011615.bmp,seal_breach_0\seal_breach_0-23_20190906_011615.bmp,seal_breach_0-23_20190906_011615.png,[0 1]
seal_breach_0-23_20190906_011629.bmp,seal_breach_0\seal_breach_0-23_20190906_011629.bmp,seal_breach_0-23_20190906_011629.png,[0 1]
seal_breach_0-23_20190906_011740.bmp,seal_breach_0\seal_breach_0-23_20190906_011740.bmp,seal_breach_0-23_20190906_011740.png,[0 1]
seal_breach_0-23_20190906_011746.bmp,seal_breach_0\seal_breach_0-23_20190906_011746.bmp,seal_breach_0-23_20190906_011746.png,[0 1]
seal_breach_0-23_20190906_011749.bmp,seal_breach_0\seal_breach_0-23_20190906_011749.bmp,seal_breach_0-23_20190906_011749.png,[0 1]
seal_breach_0-23_20190906_011754.bmp,seal_breach_0\seal_breach_0-23_20190906_011754.bmp,seal_breach_0-23_20190906_011754.png,[0 1]
seal_breach_0-23_20190906_011757.bmp,seal_breach_0\seal_breach_0-23_20190906_011757.bmp,seal_breach_0-23_20190906_011757.png,[0 1]
seal_breach_0-23_20190906_011803.bmp,seal_breach_0\seal_breach_0-23_20190906_011803.bmp,seal_breach_0-23_20190906_011803.png,[0 1]
seal_breach_0-23_20190906_011815.bmp,seal_breach_0\seal_breach_0-23_20190906_011815.bmp,seal_breach_0-23_20190906_011815.png,[0 1]
seal_breach_0-23_20190906_011844.bmp,seal_breach_0\seal_breach_0-23_20190906_011844.bmp,seal_breach_0-23_20190906_011844.png,[0 1]
seal_breach_0-23_20190906_011848.bmp,seal_breach_0\seal_breach_0-23_20190906_011848.bmp,seal_breach_0-23_20190906_011848.png,[0 1]
seal_breach_0-23_20190906_011907.bmp,seal_breach_0\seal_breach_0-23_20190906_011907.bmp,seal_breach_0-23_20190906_011907.png,[0 1]
seal_breach_0-23_20190906_011914.bmp,seal_breach_0\seal_breach_0-23_20190906_011914.bmp,seal_breach_0-23_20190906_011914.png,[0 1]
seal_breach_0-23_20190906_011929.bmp,seal_breach_0\seal_breach_0-23_20190906_011929.bmp,seal_breach_0-23_20190906_011929.png,[0 1]
seal_breach_0-23_20190906_011935.bmp,seal_breach_0\seal_breach_0-23_20190906_011935.bmp,seal_breach_0-23_20190906_011935.png,[0 1]
seal_breach_0-23_20190906_011940.bmp,seal_breach_0\seal_breach_0-23_20190906_011940.bmp,seal_breach_0-23_20190906_011940.png,[0 1]
seal_breach_0-23_20190906_012000.bmp,seal_breach_0\seal_breach_0-23_20190906_012000.bmp,seal_breach_0-23_20190906_012000.png,[0 1]
seal_breach_0-23_20190906_012010.bmp,seal_breach_0\seal_breach_0-23_20190906_012010.bmp,seal_breach_0-23_20190906_012010.png,[0 1]
seal_breach_0-23_20190906_012016.bmp,seal_breach_0\seal_breach_0-23_20190906_012016.bmp,seal_breach_0-23_20190906_012016.png,[0 1]
seal_breach_0-23_20190906_012019.bmp,seal_breach_0\seal_breach_0-23_20190906_012019.bmp,seal_breach_0-23_20190906_012019.png,[0 1]
seal_breach_0-23_20190906_012028.bmp,seal_breach_0\seal_breach_0-23_20190906_012028.bmp,seal_breach_0-23_20190906_012028.png,[0 1]
seal_breach_0-23_20190906_012032.bmp,seal_breach_0\seal_breach_0-23_20190906_012032.bmp,seal_breach_0-23_20190906_012032.png,[0 1]
seal_breach_0-23_20190906_012253.bmp,seal_breach_0\seal_breach_0-23_20190906_012253.bmp,seal_breach_0-23_20190906_012253.png,[0 1]
seal_breach_0-23_20190906_012301.bmp,seal_breach_0\seal_breach_0-23_20190906_012301.bmp,seal_breach_0-23_20190906_012301.png,[0 1]
seal_breach_0-23_20190906_012308.bmp,seal_breach_0\seal_breach_0-23_20190906_012308.bmp,seal_breach_0-23_20190906_012308.png,[0 1]
seal_breach_0-23_20190906_012321.bmp,seal_breach_0\seal_breach_0-23_20190906_012321.bmp,seal_breach_0-23_20190906_012321.png,[0 1]
seal_breach_0-23_20190906_012445.bmp,seal_breach_0\seal_breach_0-23_20190906_012445.bmp,seal_breach_0-23_20190906_012445.png,[0 1]
seal_breach_0-23_20190906_012450.bmp,seal_breach_0\seal_breach_0-23_20190906_012450.bmp,seal_breach_0-23_20190906_012450.png,[0 1]
seal_breach_0-23_20190906_012510.bmp,seal_breach_0\seal_breach_0-23_20190906_012510.bmp,seal_breach_0-23_20190906_012510.png,[0 1]
seal_breach_0-23_20190906_012522.bmp,seal_breach_0\seal_breach_0-23_20190906_012522.bmp,seal_breach_0-23_20190906_012522.png,[0 1]
seal_breach_0-23_20190906_012536.bmp,seal_breach_0\seal_breach_0-23_20190906_012536.bmp,seal_breach_0-23_20190906_012536.png,[0 1]
seal_breach_0-23_20190906_012540.bmp,seal_breach_0\seal_breach_0-23_20190906_012540.bmp,seal_breach_0-23_20190906_012540.png,[0 1]
seal_breach_0-23_20190906_012547.bmp,seal_breach_0\seal_breach_0-23_20190906_012547.bmp,seal_breach_0-23_20190906_012547.png,[0 1]
seal_breach_0-23_20190906_012600.bmp,seal_breach_0\seal_breach_0-23_20190906_012600.bmp,seal_breach_0-23_20190906_012600.png,[0 1]
seal_breach_0-23_20190906_012604.bmp,seal_breach_0\seal_breach_0-23_20190906_012604.bmp,seal_breach_0-23_20190906_012604.png,[0 1]
seal_breach_0-23_20190906_012935.bmp,seal_breach_0\seal_breach_0-23_20190906_012935.bmp,seal_breach_0-23_20190906_012935.png,[0 1]
seal_breach_0-23_20190906_012944.bmp,seal_breach_0\seal_breach_0-23_20190906_012944.bmp,seal_breach_0-23_20190906_012944.png,[0 1]
seal_breach_0-23_20190906_012947.bmp,seal_breach_0\seal_breach_0-23_20190906_012947.bmp,seal_breach_0-23_20190906_012947.png,[0 1]
seal_breach_0-23_20190906_012955.bmp,seal_breach_0\seal_breach_0-23_20190906_012955.bmp,seal_breach_0-23_20190906_012955.png,[0 1]
seal_breach_0-23_20190906_012958.bmp,seal_breach_0\seal_breach_0-23_20190906_012958.bmp,seal_breach_0-23_20190906_012958.png,[0 1]
seal_breach_0-23_20190906_013027.bmp,seal_breach_0\seal_breach_0-23_20190906_013027.bmp,seal_breach_0-23_20190906_013027.png,[0 1]
seal_breach_0-23_20190906_013031.bmp,seal_breach_0\seal_breach_0-23_20190906_013031.bmp,seal_breach_0-23_20190906_013031.png,[0 1]
seal_breach_0-23_20190906_013038.bmp,seal_breach_0\seal_breach_0-23_20190906_013038.bmp,seal_breach_0-23_20190906_013038.png,[0 1]
seal_breach_0-23_20190906_013042.bmp,seal_breach_0\seal_breach_0-23_20190906_013042.bmp,seal_breach_0-23_20190906_013042.png,[0 1]
seal_breach_0-23_20190906_013050.bmp,seal_breach_0\seal_breach_0-23_20190906_013050.bmp,seal_breach_0-23_20190906_013050.png,[0 1]
seal_breach_0-23_20190906_013053.bmp,seal_breach_0\seal_breach_0-23_20190906_013053.bmp,seal_breach_0-23_20190906_013053.png,[0 1]
seal_breach_0-23_20190906_013100.bmp,seal_breach_0\seal_breach_0-23_20190906_013100.bmp,seal_breach_0-23_20190906_013100.png,[0 1]
seal_breach_0-23_20190906_013111.bmp,seal_breach_0\seal_breach_0-23_20190906_013111.bmp,seal_breach_0-23_20190906_013111.png,[0 1]
seal_breach_0-23_20190906_013115.bmp,seal_breach_0\seal_breach_0-23_20190906_013115.bmp,seal_breach_0-23_20190906_013115.png,[0 1]
seal_breach_0-23_20190906_013122.bmp,seal_breach_0\seal_breach_0-23_20190906_013122.bmp,seal_breach_0-23_20190906_013122.png,[0 1]
seal_breach_0-23_20190906_013131.bmp,seal_breach_0\seal_breach_0-23_20190906_013131.bmp,seal_breach_0-23_20190906_013131.png,[0 1]
seal_breach_0-23_20190906_013134.bmp,seal_breach_0\seal_breach_0-23_20190906_013134.bmp,seal_breach_0-23_20190906_013134.png,[0 1]
seal_breach_0-23_20190906_013152.bmp,seal_breach_0\seal_breach_0-23_20190906_013152.bmp,seal_breach_0-23_20190906_013152.png,[0 1]
seal_breach_0-23_20190906_013156.bmp,seal_breach_0\seal_breach_0-23_20190906_013156.bmp,seal_breach_0-23_20190906_013156.png,[0 1]
seal_breach_0-23_20190906_013203.bmp,seal_breach_0\seal_breach_0-23_20190906_013203.bmp,seal_breach_0-23_20190906_013203.png,[0 1]
seal_breach_0-23_20190906_013206.bmp,seal_breach_0\seal_breach_0-23_20190906_013206.bmp,seal_breach_0-23_20190906_013206.png,[0 1]
seal_breach_0-23_20190906_013216.bmp,seal_breach_0\seal_breach_0-23_20190906_013216.bmp,seal_breach_0-23_20190906_013216.png,[0 1]
seal_breach_0-23_20190906_013222.bmp,seal_breach_0\seal_breach_0-23_20190906_013222.bmp,seal_breach_0-23_20190906_013222.png,[0 1]
seal_breach_0-23_20190906_013238.bmp,seal_breach_0\seal_breach_0-23_20190906_013238.bmp,seal_breach_0-23_20190906_013238.png,[0 1]
seal_breach_0-23_20190906_013243.bmp,seal_breach_0\seal_breach_0-23_20190906_013243.bmp,seal_breach_0-23_20190906_013243.png,[0 1]
seal_breach_0-23_20190906_013253.bmp,seal_breach_0\seal_breach_0-23_20190906_013253.bmp,seal_breach_0-23_20190906_013253.png,[0 1]
seal_breach_0-23_20190906_013259.bmp,seal_breach_0\seal_breach_0-23_20190906_013259.bmp,seal_breach_0-23_20190906_013259.png,[0 1]
seal_breach_0-23_20190906_013310.bmp,seal_breach_0\seal_breach_0-23_20190906_013310.bmp,seal_breach_0-23_20190906_013310.png,[0 1]
seal_breach_0-23_20190906_013315.bmp,seal_breach_0\seal_breach_0-23_20190906_013315.bmp,seal_breach_0-23_20190906_013315.png,[0 1]
seal_breach_0-23_20190906_013321.bmp,seal_breach_0\seal_breach_0-23_20190906_013321.bmp,seal_breach_0-23_20190906_013321.png,[0 1]
seal_breach_0-23_20190906_013335.bmp,seal_breach_0\seal_breach_0-23_20190906_013335.bmp,seal_breach_0-23_20190906_013335.png,[0 1]
seal_breach_0-23_20190906_013347.bmp,seal_breach_0\seal_breach_0-23_20190906_013347.bmp,seal_breach_0-23_20190906_013347.png,[0 1]
seal_breach_0-23_20190906_013402.bmp,seal_breach_0\seal_breach_0-23_20190906_013402.bmp,seal_breach_0-23_20190906_013402.png,[0 1]
seal_breach_0-23_20190906_013415.bmp,seal_breach_0\seal_breach_0-23_20190906_013415.bmp,seal_breach_0-23_20190906_013415.png,[0 1]
seal_breach_0-23_20190906_013423.bmp,seal_breach_0\seal_breach_0-23_20190906_013423.bmp,seal_breach_0-23_20190906_013423.png,[0 1]
seal_breach_0-23_20190906_013430.bmp,seal_breach_0\seal_breach_0-23_20190906_013430.bmp,seal_breach_0-23_20190906_013430.png,[0 1]
seal_breach_0-23_20190906_013437.bmp,seal_breach_0\seal_breach_0-23_20190906_013437.bmp,seal_breach_0-23_20190906_013437.png,[0 1]
seal_breach_0-23_20190906_013812.bmp,seal_breach_0\seal_breach_0-23_20190906_013812.bmp,seal_breach_0-23_20190906_013812.png,[0 1]
seal_breach_0-23_20190906_013816.bmp,seal_breach_0\seal_breach_0-23_20190906_013816.bmp,seal_breach_0-23_20190906_013816.png,[0 1]
seal_breach_0-23_20190906_013822.bmp,seal_breach_0\seal_breach_0-23_20190906_013822.bmp,seal_breach_0-23_20190906_013822.png,[0 1]
seal_breach_0-23_20190906_013826.bmp,seal_breach_0\seal_breach_0-23_20190906_013826.bmp,seal_breach_0-23_20190906_013826.png,[0 1]
seal_breach_0-23_20190906_013845.bmp,seal_breach_0\seal_breach_0-23_20190906_013845.bmp,seal_breach_0-23_20190906_013845.png,[0 1]
seal_breach_0-23_20190906_013855.bmp,seal_breach_0\seal_breach_0-23_20190906_013855.bmp,seal_breach_0-23_20190906_013855.png,[0 1]
seal_breach_0-23_20190906_013901.bmp,seal_breach_0\seal_breach_0-23_20190906_013901.bmp,seal_breach_0-23_20190906_013901.png,[0 1]
seal_breach_0-23_20190906_013909.bmp,seal_breach_0\seal_breach_0-23_20190906_013909.bmp,seal_breach_0-23_20190906_013909.png,[0 1]
seal_breach_0-23_20190906_013922.bmp,seal_breach_0\seal_breach_0-23_20190906_013922.bmp,seal_breach_0-23_20190906_013922.png,[0 1]
seal_breach_0-23_20190906_013928.bmp,seal_breach_0\seal_breach_0-23_20190906_013928.bmp,seal_breach_0-23_20190906_013928.png,[0 1]
seal_breach_0-23_20190906_013934.bmp,seal_breach_0\seal_breach_0-23_20190906_013934.bmp,seal_breach_0-23_20190906_013934.png,[0 1]
seal_breach_0-23_20190906_013944.bmp,seal_breach_0\seal_breach_0-23_20190906_013944.bmp,seal_breach_0-23_20190906_013944.png,[0 1]
seal_breach_0-23_20190906_013951.bmp,seal_breach_0\seal_breach_0-23_20190906_013951.bmp,seal_breach_0-23_20190906_013951.png,[0 1]
seal_breach_0-23_20190906_014000.bmp,seal_breach_0\seal_breach_0-23_20190906_014000.bmp,seal_breach_0-23_20190906_014000.png,[0 1]
seal_breach_0-23_20190906_014004.bmp,seal_breach_0\seal_breach_0-23_20190906_014004.bmp,seal_breach_0-23_20190906_014004.png,[0 1]
seal_breach_0-23_20190906_014015.bmp,seal_breach_0\seal_breach_0-23_20190906_014015.bmp,seal_breach_0-23_20190906_014015.png,[0 1]
seal_breach_0-23_20190906_014027.bmp,seal_breach_0\seal_breach_0-23_20190906_014027.bmp,seal_breach_0-23_20190906_014027.png,[0 1]
seal_breach_0-23_20190906_014033.bmp,seal_breach_0\seal_breach_0-23_20190906_014033.bmp,seal_breach_0-23_20190906_014033.png,[0 1]
seal_breach_0-23_20190906_014042.bmp,seal_breach_0\seal_breach_0-23_20190906_014042.bmp,seal_breach_0-23_20190906_014042.png,[0 1]
seal_breach_0-23_20190906_014049.bmp,seal_breach_0\seal_breach_0-23_20190906_014049.bmp,seal_breach_0-23_20190906_014049.png,[0 1]
seal_breach_0-23_20190906_014102.bmp,seal_breach_0\seal_breach_0-23_20190906_014102.bmp,seal_breach_0-23_20190906_014102.png,[0 1]
seal_breach_0-23_20190906_014106.bmp,seal_breach_0\seal_breach_0-23_20190906_014106.bmp,seal_breach_0-23_20190906_014106.png,[0 1]
seal_breach_0-23_20190906_014113.bmp,seal_breach_0\seal_breach_0-23_20190906_014113.bmp,seal_breach_0-23_20190906_014113.png,[0 1]
seal_breach_0-23_20190906_014117.bmp,seal_breach_0\seal_breach_0-23_20190906_014117.bmp,seal_breach_0-23_20190906_014117.png,[0 1]
seal_breach_0-23_20190906_014135.bmp,seal_breach_0\seal_breach_0-23_20190906_014135.bmp,seal_breach_0-23_20190906_014135.png,[0 1]
seal_breach_0-23_20190906_014148.bmp,seal_breach_0\seal_breach_0-23_20190906_014148.bmp,seal_breach_0-23_20190906_014148.png,[0 1]
seal_breach_0-23_20190906_014152.bmp,seal_breach_0\seal_breach_0-23_20190906_014152.bmp,seal_breach_0-23_20190906_014152.png,[0 1]
seal_breach_0-23_20190906_014206.bmp,seal_breach_0\seal_breach_0-23_20190906_014206.bmp,seal_breach_0-23_20190906_014206.png,[0 1]
seal_breach_0-23_20190906_014220.bmp,seal_breach_0\seal_breach_0-23_20190906_014220.bmp,seal_breach_0-23_20190906_014220.png,[0 1]
seal_breach_0-23_20190906_014227.bmp,seal_breach_0\seal_breach_0-23_20190906_014227.bmp,seal_breach_0-23_20190906_014227.png,[0 1]
seal_breach_0-23_20190906_014230.bmp,seal_breach_0\seal_breach_0-23_20190906_014230.bmp,seal_breach_0-23_20190906_014230.png,[0 1]
seal_breach_0-23_20190906_014231.bmp,seal_breach_0\seal_breach_0-23_20190906_014231.bmp,seal_breach_0-23_20190906_014231.png,[0 1]
